suite,instance,qubits,import_mode,exact_error_class,exact_error,outcome,load_s,import_s,wall_s,modulus,variables,quadratic_terms,components,min_fill_width,min_fill_dp_work,prefix_cut_rank,solve_mode_kernel,search_nodes,cache_hits,cache_misses,cache_entries,cache_estimated_bytes,treewidth_delegations,rankwidth_delegations,branch_fallthroughs,branch_treewidth_skips,branch_rankwidth_skips,branch_propagations,branch_zero_prunes,branch_width_probes,branch_probe_skips,branch_cutset_size,branch_materialized_calls,branch_materialized_eliminations,branch_materialized_degree2_merges,branch_materialized_reduction_ns,branch_conditioning_nodes,branch_conditioning_lookaheads,branch_delegate_probes,branch_delegate_probe_skips,branch_max_cutset_depth,treewidth_factor_scope_tests,treewidth_factor_bucket_visits,treewidth_factor_multiplications,treewidth_factor_allocations,treewidth_factor_discovery_ns,treewidth_numeric_join_ns,treewidth_sum_out_ns,treewidth_peak_live_bytes,treewidth_pool_retained_bytes,treewidth_largest_allocation_bytes,max_residual_vars,max_residual_min_fill_width,max_residual_prefix_cut_rank,decomposition_width,rankwidth_cutrank_width,rankwidth_table_forecast,rankwidth_join_pair_forecast,table_entries,max_table_entries,join_pairs,simd_vectorized_ops,simd_scalar_fallback_ops
mqt2040,ae_indep_qiskit_20,20,approx,unsupported_angle,"error: <stdin>:24: unsupported u3 angle 'u3(0.9272952180016122,0,0)'",solved,0.356,0.003,0.004,28751855965664,191,209,1,2,1066,20,single-fourier,0,0,0,0,,1,0,0,0,0,0,0,,,0,0,0,0,0,0,0,0,0,0,0,590,399,799,42289,26829,3089,19552,224,64,0,0,0,2,,,,1,8,2044,0,2577
mqt2040,ae_indep_qiskit_21,21,approx,unsupported_angle,"error: <stdin>:25: unsupported u3 angle 'u3(0.9272952180016122,0,0)'",solved,0.012,0.002,0.003,32828386592960,201,220,1,2,1122,21,single-fourier,0,0,0,0,,1,0,0,0,0,0,0,,,0,0,0,0,0,0,0,0,0,0,0,621,420,841,44948,28176,3172,20576,224,64,0,0,0,2,,,,1,8,2152,0,2713
mqt2040,ae_indep_qiskit_22,22,approx,unsupported_angle,"error: <stdin>:26: unsupported u3 angle 'u3(0.9272952180016122,0,0)'",solved,0.013,0.002,0.002,37266828693952,211,231,1,2,1178,22,single-fourier,0,0,0,0,,1,0,0,0,0,0,0,,,0,0,0,0,0,0,0,0,0,0,0,652,441,883,46925,30205,3376,21600,224,64,0,0,0,2,,,,1,8,2260,0,2849
mqt2040,ae_indep_qiskit_23,23,approx,unsupported_angle,"error: <stdin>:27: unsupported u3 angle 'u3(0.9272952180016122,0,0)'",solved,0.014,0.002,0.002,42082261913376,221,242,1,2,1234,23,single-fourier,0,0,0,0,,1,0,0,0,0,0,0,,,0,0,0,0,0,0,0,0,0,0,0,683,462,925,51165,31224,3881,22624,224,64,0,0,0,2,,,,1,8,2368,0,2985
mqt2040,ae_indep_qiskit_24,24,approx,unsupported_angle,"error: <stdin>:28: unsupported u3 angle 'u3(0.9272952180016122,0,0)'",solved,0.015,0.002,0.002,47289765895968,231,253,1,2,1290,24,single-fourier,0,0,0,0,,1,0,0,0,0,0,0,,,0,0,0,0,0,0,0,0,0,0,0,714,483,967,50913,33415,3764,23648,224,64,0,0,0,2,,,,1,8,2476,0,3121
mqt2040,ae_indep_qiskit_25,25,approx,unsupported_angle,"error: <stdin>:29: unsupported u3 angle 'u3(0.9272952180016122,0,0)'",solved,0.018,0.002,0.003,52904420286464,241,264,1,2,1346,25,single-fourier,0,0,0,0,,1,0,0,0,0,0,0,,,0,0,0,0,0,0,0,0,0,0,0,745,504,1009,54854,34964,3862,24672,224,64,0,0,0,2,,,,1,8,2584,0,3257
mqt2040,ae_indep_qiskit_26,26,approx,unsupported_angle,"error: <stdin>:30: unsupported u3 angle 'u3(0.9272952180016122,0,0)'",solved,0.017,0.002,0.003,58941304729600,251,275,1,2,1402,26,single-fourier,0,0,0,0,,1,0,0,0,0,0,0,,,0,0,0,0,0,0,0,0,0,0,0,776,525,1051,54592,41846,4010,25696,224,64,0,0,0,2,,,,1,8,2692,0,3393
mqt2040,ae_indep_qiskit_27,27,approx,unsupported_angle,"error: <stdin>:31: unsupported u3 angle 'u3(0.9272952180016122,0,0)'",solved,0.018,0.002,0.003,65415498870112,261,286,1,2,1458,27,single-fourier,0,0,0,0,,1,0,0,0,0,0,0,,,0,0,0,0,0,0,0,0,0,0,0,807,546,1093,59111,38211,4230,26720,224,64,0,0,0,2,,,,1,8,2800,0,3529
mqt2040,ae_indep_qiskit_28,28,approx,unsupported_angle,"error: <stdin>:32: unsupported u3 angle 'u3(0.9272952180016122,0,0)'",solved,0.020,0.002,0.002,72342082352752,271,297,1,2,1514,28,single-fourier,0,0,0,0,,1,0,0,0,0,0,0,,,0,0,0,0,0,0,0,0,0,0,0,838,567,1135,58343,39494,4558,27744,224,64,0,0,0,2,,,,1,8,2908,0,3665
mqt2040,ae_indep_qiskit_29,29,approx,unsupported_angle,"error: <stdin>:33: unsupported u3 angle 'u3(0.9272952180016122,0,0)'",solved,0.021,0.002,0.003,79736134822240,281,308,1,2,1570,29,single-fourier,0,0,0,0,,1,0,0,0,0,0,0,,,0,0,0,0,0,0,0,0,0,0,0,869,588,1177,60313,39936,4492,28768,224,64,0,0,0,2,,,,1,8,3016,0,3801
mqt2040,ae_indep_qiskit_30,30,approx,unsupported_angle,"error: <stdin>:34: unsupported u3 angle 'u3(0.9272952180016122,0,0)'",solved,0.024,0.003,0.003,87612735923328,291,319,1,2,1626,30,single-fourier,0,0,0,0,,1,0,0,0,0,0,0,,,0,0,0,0,0,0,0,0,0,0,0,900,609,1219,65233,44951,4731,29792,224,64,0,0,0,2,,,,1,8,3124,0,3937
mqt2040,ae_indep_qiskit_31,31,approx,unsupported_angle,"error: <stdin>:35: unsupported u3 angle 'u3(0.9272952180016122,0,0)'",solved,0.023,0.003,0.003,95986965300736,301,330,1,2,1682,31,single-fourier,0,0,0,0,,1,0,0,0,0,0,0,,,0,0,0,0,0,0,0,0,0,0,0,931,630,1261,64860,42533,4848,30816,224,64,0,0,0,2,,,,1,8,3232,0,4073
mqt2040,ae_indep_qiskit_32,32,approx,unsupported_angle,"error: <stdin>:36: unsupported u3 angle 'u3(0.9272952180016122,0,0)'",solved,0.025,0.003,0.003,104873902599200,311,341,1,2,1738,32,single-fourier,0,0,0,0,,1,0,0,0,0,0,0,,,0,0,0,0,0,0,0,0,0,0,0,962,651,1303,68916,46270,5040,31840,224,64,0,0,0,2,,,,1,8,3340,0,4209
mqt2040,ae_indep_qiskit_33,33,approx,unsupported_angle,"error: <stdin>:37: unsupported u3 angle 'u3(0.9272952180016122,0,0)'",solved,0.028,0.003,0.003,114288627463488,321,352,1,2,1794,33,single-fourier,0,0,0,0,,1,0,0,0,0,0,0,,,0,0,0,0,0,0,0,0,0,0,0,993,672,1345,75521,46365,5218,32864,224,64,0,0,0,2,,,,1,8,3448,0,4345
mqt2040,ae_indep_qiskit_34,34,approx,unsupported_angle,"error: <stdin>:38: unsupported u3 angle 'u3(0.9272952180016122,0,0)'",solved,0.028,0.003,0.003,124246219538304,331,363,1,2,1850,34,single-fourier,0,0,0,0,,1,0,0,0,0,0,0,,,0,0,0,0,0,0,0,0,0,0,0,1024,693,1387,72202,47591,5245,33888,224,64,0,0,0,2,,,,1,8,3556,0,4481
mqt2040,ae_indep_qiskit_35,35,approx,unsupported_angle,"error: <stdin>:39: unsupported u3 angle 'u3(0.9272952180016122,0,0)'",solved,0.029,0.003,0.003,134761758468400,341,374,1,2,1906,35,single-fourier,0,0,0,0,,1,0,0,0,0,0,0,,,0,0,0,0,0,0,0,0,0,0,0,1055,714,1429,74027,48099,5623,34912,224,64,0,0,0,2,,,,1,8,3664,0,4617
mqt2040,ae_indep_qiskit_36,36,approx,unsupported_angle,"error: <stdin>:40: unsupported u3 angle 'u3(0.9272952180016122,0,0)'",solved,0.033,0.003,0.003,145850323898512,351,385,1,2,1962,36,single-fourier,0,0,0,0,,1,0,0,0,0,0,0,,,0,0,0,0,0,0,0,0,0,0,0,1086,735,1471,72539,49465,5384,35936,224,64,0,0,0,2,,,,1,8,3772,0,4753
mqt2040,ae_indep_qiskit_37,37,approx,unsupported_angle,"error: <stdin>:41: unsupported u3 angle 'u3(0.9272952180016122,0,0)'",solved,0.032,0.003,0.003,157526995473376,361,396,1,2,2018,37,single-fourier,0,0,0,0,,1,0,0,0,0,0,0,,,0,0,0,0,0,0,0,0,0,0,0,1117,756,1513,75633,49818,5740,36960,224,64,0,0,0,2,,,,1,8,3880,0,4889
mqt2040,ae_indep_qiskit_38,38,approx,unsupported_angle,"error: <stdin>:42: unsupported u3 angle 'u3(0.9272952180016122,0,0)'",solved,0.035,0.003,0.003,169806852837728,371,407,1,2,2074,38,single-fourier,0,0,0,0,,1,0,0,0,0,0,0,,,0,0,0,0,0,0,0,0,0,0,0,1148,777,1555,78063,51060,5701,37984,224,64,0,0,0,2,,,,1,8,3988,0,5025
mqt2040,ae_indep_qiskit_39,39,approx,unsupported_angle,"error: <stdin>:43: unsupported u3 angle 'u3(0.9272952180016122,0,0)'",solved,0.037,0.004,0.003,182704975636304,381,418,1,2,2130,39,single-fourier,0,0,0,0,,1,0,0,0,0,0,0,,,0,0,0,0,0,0,0,0,0,0,0,1179,798,1597,79381,51424,5783,39008,224,64,0,0,0,2,,,,1,8,4096,0,5161
mqt2040,ae_indep_qiskit_40,40,approx,unsupported_angle,"error: <stdin>:44: unsupported u3 angle 'u3(0.9272952180016122,0,0)'",solved,0.039,0.004,0.003,196236443513840,391,429,1,2,2186,40,single-fourier,0,0,0,0,,1,0,0,0,0,0,0,,,0,0,0,0,0,0,0,0,0,0,0,1210,819,1639,82576,55653,5980,40032,224,64,0,0,0,2,,,,1,8,4204,0,5297
mqt2040,dj_indep_qiskit_20,20,exact,,,solved,0.002,0.000,0.002,8,1,0,1,0,2,0,count-table,1,0,1,1,3913,0,0,0,,,0,0,,,0,0,0,0,0,0,0,0,0,0,0,0,0,0,0,0,0,0,0,0,,,,,,,,,,,,
mqt2040,dj_indep_qiskit_21,21,exact,,,solved,0.002,0.000,0.002,8,1,0,1,0,2,0,count-table,1,0,1,1,3913,0,0,0,,,0,0,,,0,0,0,0,0,0,0,0,0,0,0,0,0,0,0,0,0,0,0,0,,,,,,,,,,,,
mqt2040,dj_indep_qiskit_22,22,exact,,,solved,0.002,0.000,0.002,8,1,0,1,0,2,0,count-table,1,0,1,1,3913,0,0,0,,,0,0,,,0,0,0,0,0,0,0,0,0,0,0,0,0,0,0,0,0,0,0,0,,,,,,,,,,,,
mqt2040,dj_indep_qiskit_23,23,exact,,,solved,0.002,0.001,0.002,8,1,0,1,0,2,0,count-table,1,0,1,1,3913,0,0,0,,,0,0,,,0,0,0,0,0,0,0,0,0,0,0,0,0,0,0,0,0,0,0,0,,,,,,,,,,,,
mqt2040,dj_indep_qiskit_24,24,exact,,,solved,0.002,0.001,0.002,8,1,0,1,0,2,0,count-table,1,0,1,1,3913,0,0,0,,,0,0,,,0,0,0,0,0,0,0,0,0,0,0,0,0,0,0,0,0,0,0,0,,,,,,,,,,,,
mqt2040,dj_indep_qiskit_25,25,exact,,,solved,0.002,0.001,0.002,8,1,0,1,0,2,0,count-table,1,0,1,1,3913,0,0,0,,,0,0,,,0,0,0,0,0,0,0,0,0,0,0,0,0,0,0,0,0,0,0,0,,,,,,,,,,,,
mqt2040,dj_indep_qiskit_26,26,exact,,,solved,0.002,0.001,0.002,8,1,0,1,0,2,0,count-table,1,0,1,1,3913,0,0,0,,,0,0,,,0,0,0,0,0,0,0,0,0,0,0,0,0,0,0,0,0,0,0,0,,,,,,,,,,,,
mqt2040,dj_indep_qiskit_27,27,exact,,,solved,0.002,0.001,0.002,8,1,0,1,0,2,0,count-table,1,0,1,1,3913,0,0,0,,,0,0,,,0,0,0,0,0,0,0,0,0,0,0,0,0,0,0,0,0,0,0,0,,,,,,,,,,,,
mqt2040,dj_indep_qiskit_28,28,exact,,,solved,0.003,0.000,0.002,8,1,0,1,0,2,0,count-table,1,0,1,1,3913,0,0,0,,,0,0,,,0,0,0,0,0,0,0,0,0,0,0,0,0,0,0,0,0,0,0,0,,,,,,,,,,,,
mqt2040,dj_indep_qiskit_29,29,exact,,,solved,0.002,0.001,0.002,8,1,0,1,0,2,0,count-table,1,0,1,1,3913,0,0,0,,,0,0,,,0,0,0,0,0,0,0,0,0,0,0,0,0,0,0,0,0,0,0,0,,,,,,,,,,,,
mqt2040,dj_indep_qiskit_30,30,exact,,,solved,0.003,0.001,0.002,8,1,0,1,0,2,0,count-table,1,0,1,1,3913,0,0,0,,,0,0,,,0,0,0,0,0,0,0,0,0,0,0,0,0,0,0,0,0,0,0,0,,,,,,,,,,,,
mqt2040,dj_indep_qiskit_31,31,exact,,,solved,0.003,0.001,0.002,8,1,0,1,0,2,0,count-table,1,0,1,1,3913,0,0,0,,,0,0,,,0,0,0,0,0,0,0,0,0,0,0,0,0,0,0,0,0,0,0,0,,,,,,,,,,,,
mqt2040,dj_indep_qiskit_32,32,exact,,,solved,0.003,0.000,0.002,8,1,0,1,0,2,0,count-table,1,0,1,1,3913,0,0,0,,,0,0,,,0,0,0,0,0,0,0,0,0,0,0,0,0,0,0,0,0,0,0,0,,,,,,,,,,,,
mqt2040,dj_indep_qiskit_33,33,exact,,,solved,0.003,0.001,0.002,8,1,0,1,0,2,0,count-table,1,0,1,1,3913,0,0,0,,,0,0,,,0,0,0,0,0,0,0,0,0,0,0,0,0,0,0,0,0,0,0,0,,,,,,,,,,,,
mqt2040,dj_indep_qiskit_34,34,exact,,,solved,0.003,0.001,0.002,8,1,0,1,0,2,0,count-table,1,0,1,1,3913,0,0,0,,,0,0,,,0,0,0,0,0,0,0,0,0,0,0,0,0,0,0,0,0,0,0,0,,,,,,,,,,,,
mqt2040,dj_indep_qiskit_35,35,exact,,,solved,0.003,0.000,0.002,8,1,0,1,0,2,0,count-table,1,0,1,1,3913,0,0,0,,,0,0,,,0,0,0,0,0,0,0,0,0,0,0,0,0,0,0,0,0,0,0,0,,,,,,,,,,,,
mqt2040,dj_indep_qiskit_36,36,exact,,,solved,0.003,0.001,0.002,8,1,0,1,0,2,0,count-table,1,0,1,1,3913,0,0,0,,,0,0,,,0,0,0,0,0,0,0,0,0,0,0,0,0,0,0,0,0,0,0,0,,,,,,,,,,,,
mqt2040,dj_indep_qiskit_37,37,exact,,,solved,0.003,0.001,0.002,8,1,0,1,0,2,0,count-table,1,0,1,1,3913,0,0,0,,,0,0,,,0,0,0,0,0,0,0,0,0,0,0,0,0,0,0,0,0,0,0,0,,,,,,,,,,,,
mqt2040,dj_indep_qiskit_38,38,exact,,,solved,0.003,0.001,0.002,8,1,0,1,0,2,0,count-table,1,0,1,1,3913,0,0,0,,,0,0,,,0,0,0,0,0,0,0,0,0,0,0,0,0,0,0,0,0,0,0,0,,,,,,,,,,,,
mqt2040,dj_indep_qiskit_39,39,exact,,,solved,0.003,0.001,0.002,8,1,0,1,0,2,0,count-table,1,0,1,1,3913,0,0,0,,,0,0,,,0,0,0,0,0,0,0,0,0,0,0,0,0,0,0,0,0,0,0,0,,,,,,,,,,,,
mqt2040,dj_indep_qiskit_40,40,exact,,,solved,0.003,0.001,0.002,8,1,0,1,0,2,0,count-table,1,0,1,1,3913,0,0,0,,,0,0,,,0,0,0,0,0,0,0,0,0,0,0,0,0,0,0,0,0,0,0,0,,,,,,,,,,,,
mqt2040,graphstate_indep_qiskit_20,20,exact,,,solved,0.001,0.000,0.002,8,0,0,0,0,0,0,count-table,1,0,1,1,3904,0,0,0,,,0,0,,,0,0,0,0,0,0,0,0,0,0,0,0,0,0,0,0,0,0,0,0,,,,,,,,,,,,
mqt2040,graphstate_indep_qiskit_21,21,exact,,,solved,0.001,0.000,0.002,8,0,0,0,0,0,0,count-table,1,0,1,1,3904,0,0,0,,,0,0,,,0,0,0,0,0,0,0,0,0,0,0,0,0,0,0,0,0,0,0,0,,,,,,,,,,,,
mqt2040,graphstate_indep_qiskit_22,22,exact,,,solved,0.001,0.000,0.002,8,0,0,0,0,0,0,count-table,1,0,1,1,3904,0,0,0,,,0,0,,,0,0,0,0,0,0,0,0,0,0,0,0,0,0,0,0,0,0,0,0,,,,,,,,,,,,
mqt2040,graphstate_indep_qiskit_23,23,exact,,,solved,0.002,0.000,0.004,8,0,0,0,0,0,0,count-table,1,0,1,1,3904,0,0,0,,,0,0,,,0,0,0,0,0,0,0,0,0,0,0,0,0,0,0,0,0,0,0,0,,,,,,,,,,,,
mqt2040,graphstate_indep_qiskit_24,24,exact,,,solved,0.002,0.001,0.003,8,0,0,0,0,0,0,count-table,1,0,1,1,3904,0,0,0,,,0,0,,,0,0,0,0,0,0,0,0,0,0,0,0,0,0,0,0,0,0,0,0,,,,,,,,,,,,
mqt2040,graphstate_indep_qiskit_25,25,exact,,,solved,0.002,0.001,0.002,8,0,0,0,0,0,0,count-table,1,0,1,1,3904,0,0,0,,,0,0,,,0,0,0,0,0,0,0,0,0,0,0,0,0,0,0,0,0,0,0,0,,,,,,,,,,,,
mqt2040,graphstate_indep_qiskit_26,26,exact,,,solved,0.002,0.000,0.002,8,0,0,0,0,0,0,count-table,1,0,1,1,3904,0,0,0,,,0,0,,,0,0,0,0,0,0,0,0,0,0,0,0,0,0,0,0,0,0,0,0,,,,,,,,,,,,
mqt2040,graphstate_indep_qiskit_27,27,exact,,,solved,0.002,0.000,0.002,8,0,0,0,0,0,0,count-table,1,0,1,1,3904,0,0,0,,,0,0,,,0,0,0,0,0,0,0,0,0,0,0,0,0,0,0,0,0,0,0,0,,,,,,,,,,,,
mqt2040,graphstate_indep_qiskit_28,28,exact,,,solved,0.002,0.000,0.003,8,0,0,0,0,0,0,count-table,1,0,1,1,3904,0,0,0,,,0,0,,,0,0,0,0,0,0,0,0,0,0,0,0,0,0,0,0,0,0,0,0,,,,,,,,,,,,
mqt2040,graphstate_indep_qiskit_29,29,exact,,,solved,0.002,0.001,0.002,8,0,0,0,0,0,0,count-table,1,0,1,1,3904,0,0,0,,,0,0,,,0,0,0,0,0,0,0,0,0,0,0,0,0,0,0,0,0,0,0,0,,,,,,,,,,,,
mqt2040,graphstate_indep_qiskit_30,30,exact,,,solved,0.002,0.001,0.002,8,0,0,0,0,0,0,count-table,1,0,1,1,3904,0,0,0,,,0,0,,,0,0,0,0,0,0,0,0,0,0,0,0,0,0,0,0,0,0,0,0,,,,,,,,,,,,
mqt2040,graphstate_indep_qiskit_31,31,exact,,,solved,0.002,0.001,0.002,8,0,0,0,0,0,0,count-table,1,0,1,1,3904,0,0,0,,,0,0,,,0,0,0,0,0,0,0,0,0,0,0,0,0,0,0,0,0,0,0,0,,,,,,,,,,,,
mqt2040,graphstate_indep_qiskit_32,32,exact,,,solved,0.002,0.000,0.002,8,0,0,0,0,0,0,count-table,1,0,1,1,3904,0,0,0,,,0,0,,,0,0,0,0,0,0,0,0,0,0,0,0,0,0,0,0,0,0,0,0,,,,,,,,,,,,
mqt2040,graphstate_indep_qiskit_33,33,exact,,,solved,0.002,0.000,0.002,8,0,0,0,0,0,0,count-table,1,0,1,1,3904,0,0,0,,,0,0,,,0,0,0,0,0,0,0,0,0,0,0,0,0,0,0,0,0,0,0,0,,,,,,,,,,,,
mqt2040,graphstate_indep_qiskit_34,34,exact,,,solved,0.002,0.000,0.002,8,0,0,0,0,0,0,count-table,1,0,1,1,3904,0,0,0,,,0,0,,,0,0,0,0,0,0,0,0,0,0,0,0,0,0,0,0,0,0,0,0,,,,,,,,,,,,
mqt2040,graphstate_indep_qiskit_35,35,exact,,,solved,0.002,0.000,0.002,8,0,0,0,0,0,0,count-table,1,0,1,1,3904,0,0,0,,,0,0,,,0,0,0,0,0,0,0,0,0,0,0,0,0,0,0,0,0,0,0,0,,,,,,,,,,,,
mqt2040,graphstate_indep_qiskit_36,36,exact,,,solved,0.002,0.000,0.002,8,0,0,0,0,0,0,count-table,1,0,1,1,3904,0,0,0,,,0,0,,,0,0,0,0,0,0,0,0,0,0,0,0,0,0,0,0,0,0,0,0,,,,,,,,,,,,
mqt2040,graphstate_indep_qiskit_37,37,exact,,,solved,0.002,0.001,0.002,8,0,0,0,0,0,0,count-table,1,0,1,1,3904,0,0,0,,,0,0,,,0,0,0,0,0,0,0,0,0,0,0,0,0,0,0,0,0,0,0,0,,,,,,,,,,,,
mqt2040,graphstate_indep_qiskit_38,38,exact,,,solved,0.002,0.000,0.002,8,0,0,0,0,0,0,count-table,1,0,1,1,3904,0,0,0,,,0,0,,,0,0,0,0,0,0,0,0,0,0,0,0,0,0,0,0,0,0,0,0,,,,,,,,,,,,
mqt2040,graphstate_indep_qiskit_39,39,exact,,,solved,0.002,0.000,0.002,8,0,0,0,0,0,0,count-table,1,0,1,1,3904,0,0,0,,,0,0,,,0,0,0,0,0,0,0,0,0,0,0,0,0,0,0,0,0,0,0,0,,,,,,,,,,,,
mqt2040,graphstate_indep_qiskit_40,40,exact,,,solved,0.002,0.001,0.002,8,0,0,0,0,0,0,count-table,1,0,1,1,3904,0,0,0,,,0,0,,,0,0,0,0,0,0,0,0,0,0,0,0,0,0,0,0,0,0,0,0,,,,,,,,,,,,
mqt2040,qft_indep_qiskit_20,20,exact,,,solved,0.011,0.001,0.087,2097152,0,0,0,0,0,0,count-table,1,0,1,1,16781056,0,0,0,,,0,0,,,0,0,0,0,0,0,0,0,0,0,0,0,0,0,0,0,0,0,0,0,,,,,,,,,,,,
mqt2040,qft_indep_qiskit_21,21,exact,,,solved,0.011,0.001,0.174,4194304,0,0,0,0,0,0,count-table,1,0,1,1,33558272,0,0,0,,,0,0,,,0,0,0,0,0,0,0,0,0,0,0,0,0,0,0,0,0,0,0,0,,,,,,,,,,,,
mqt2040,qft_indep_qiskit_22,22,exact,,,solved,0.012,0.001,0.365,8388608,0,0,0,0,0,0,count-table,1,0,1,1,67112704,0,0,0,,,0,0,,,0,0,0,0,0,0,0,0,0,0,0,0,0,0,0,0,0,0,0,0,,,,,,,,,,,,
mqt2040,qft_indep_qiskit_23,23,exact,,,solved,0.013,0.001,0.717,16777216,0,0,0,0,0,0,count-table,1,0,1,1,134221568,0,0,0,,,0,0,,,0,0,0,0,0,0,0,0,0,0,0,0,0,0,0,0,0,0,0,0,,,,,,,,,,,,
mqt2040,qft_indep_qiskit_24,24,exact,,,solved,0.014,0.001,1.467,33554432,0,0,0,0,0,0,count-table,1,0,1,1,268439296,0,0,0,,,0,0,,,0,0,0,0,0,0,0,0,0,0,0,0,0,0,0,0,0,0,0,0,,,,,,,,,,,,
mqt2040,qft_indep_qiskit_25,25,exact,,,solved,0.019,0.001,2.908,67108864,0,0,0,0,0,0,count-table,1,0,1,1,536874752,0,0,0,,,0,0,,,0,0,0,0,0,0,0,0,0,0,0,0,0,0,0,0,0,0,0,0,,,,,,,,,,,,
mqt2040,qft_indep_qiskit_26,26,exact,,,solved,0.034,0.002,5.773,134217728,0,0,0,0,0,0,count-table,1,0,1,1,1073745664,0,0,0,,,0,0,,,0,0,0,0,0,0,0,0,0,0,0,0,0,0,0,0,0,0,0,0,,,,,,,,,,,,
mqt2040,qft_indep_qiskit_27,27,exact,,,solved,0.018,0.002,11.753,268435456,0,0,0,0,0,0,count-table,1,0,1,1,2147487488,0,0,0,,,0,0,,,0,0,0,0,0,0,0,0,0,0,0,0,0,0,0,0,0,0,0,0,,,,,,,,,,,,
mqt2040,qft_indep_qiskit_28,28,exact,,,solved,0.020,0.002,0.014,536870912,0,0,0,0,0,0,single-fourier,1,0,0,0,,0,0,0,,,0,0,,,0,0,0,0,0,0,0,0,0,0,0,0,0,0,0,0,0,0,0,0,,,,,,,,,,,,
mqt2040,qft_indep_qiskit_29,29,exact,,,solved,0.018,0.002,0.014,1073741824,0,0,0,0,0,0,single-fourier,1,0,0,0,,0,0,0,,,0,0,,,0,0,0,0,0,0,0,0,0,0,0,0,0,0,0,0,0,0,0,0,,,,,,,,,,,,
mqt2040,qft_indep_qiskit_30,30,exact,,,solved,0.022,0.002,0.013,2147483648,0,0,0,0,0,0,single-fourier,1,0,0,0,,0,0,0,,,0,0,,,0,0,0,0,0,0,0,0,0,0,0,0,0,0,0,0,0,0,0,0,,,,,,,,,,,,
mqt2040,qft_indep_qiskit_31,31,exact,,,solved,0.021,0.002,0.013,4294967296,0,0,0,0,0,0,single-fourier,1,0,0,0,,0,0,0,,,0,0,,,0,0,0,0,0,0,0,0,0,0,0,0,0,0,0,0,0,0,0,0,,,,,,,,,,,,
mqt2040,qft_indep_qiskit_32,32,approx,unsupported_angle,error: <stdin>:501: unsupported cp/cu1 angle in exact mode (must be an even multiple of the finest representable tick); use --approx,solved,0.025,0.003,0.014,87502151861920,0,0,0,0,0,0,single-fourier,1,0,0,0,,0,0,0,,,0,0,,,0,0,0,0,0,0,0,0,0,0,0,0,0,0,0,0,0,0,0,0,,,,,,,,,,,,
mqt2040,qft_indep_qiskit_33,33,approx,unsupported_angle,error: <stdin>:501: unsupported cp/cu1 angle in exact mode (must be an even multiple of the finest representable tick); use --approx,solved,0.024,0.003,0.014,95710505147216,0,0,0,0,0,0,single-fourier,1,0,0,0,,0,0,0,,,0,0,,,0,0,0,0,0,0,0,0,0,0,0,0,0,0,0,0,0,0,0,0,,,,,,,,,,,,
mqt2040,qft_indep_qiskit_34,34,approx,unsupported_angle,error: <stdin>:501: unsupported cp/cu1 angle in exact mode (must be an even multiple of the finest representable tick); use --approx,solved,0.044,0.003,0.004,104592415897440,0,0,0,0,0,0,single-fourier,1,0,0,0,,0,0,0,,,0,0,,,0,0,0,0,0,0,0,0,0,0,0,0,0,0,0,0,0,0,0,0,,,,,,,,,,,,
mqt2040,qft_indep_qiskit_35,35,approx,unsupported_angle,error: <stdin>:501: unsupported cp/cu1 angle in exact mode (must be an even multiple of the finest representable tick); use --approx,solved,0.027,0.004,0.006,113826185024880,0,0,0,0,0,0,single-fourier,1,0,0,0,,0,0,0,,,0,0,,,0,0,0,0,0,0,0,0,0,0,0,0,0,0,0,0,0,0,0,0,,,,,,,,,,,,
mqt2040,qft_indep_qiskit_36,36,approx,unsupported_angle,error: <stdin>:501: unsupported cp/cu1 angle in exact mode (must be an even multiple of the finest representable tick); use --approx,solved,0.030,0.003,0.004,123773724003200,0,0,0,0,0,0,single-fourier,1,0,0,0,,0,0,0,,,0,0,,,0,0,0,0,0,0,0,0,0,0,0,0,0,0,0,0,0,0,0,0,,,,,,,,,,,,
mqt2040,qft_indep_qiskit_37,37,approx,unsupported_angle,error: <stdin>:501: unsupported cp/cu1 angle in exact mode (must be an even multiple of the finest representable tick); use --approx,solved,0.033,0.003,0.004,134093227551712,0,0,0,0,0,0,single-fourier,1,0,0,0,,0,0,0,,,0,0,,,0,0,0,0,0,0,0,0,0,0,0,0,0,0,0,0,0,0,0,0,,,,,,,,,,,,
mqt2040,qft_indep_qiskit_38,38,approx,unsupported_angle,error: <stdin>:501: unsupported cp/cu1 angle in exact mode (must be an even multiple of the finest representable tick); use --approx,solved,0.032,0.004,0.004,145166713337088,0,0,0,0,0,0,single-fourier,1,0,0,0,,0,0,0,,,0,0,,,0,0,0,0,0,0,0,0,0,0,0,0,0,0,0,0,0,0,0,0,,,,,,,,,,,,
mqt2040,qft_indep_qiskit_39,39,approx,unsupported_angle,error: <stdin>:501: unsupported cp/cu1 angle in exact mode (must be an even multiple of the finest representable tick); use --approx,solved,0.042,0.004,0.004,156632269885632,0,0,0,0,0,0,single-fourier,1,0,0,0,,0,0,0,,,0,0,,,0,0,0,0,0,0,0,0,0,0,0,0,0,0,0,0,0,0,0,0,,,,,,,,,,,,
mqt2040,qft_indep_qiskit_40,40,approx,unsupported_angle,error: <stdin>:501: unsupported cp/cu1 angle in exact mode (must be an even multiple of the finest representable tick); use --approx,solved,0.035,0.004,0.004,168892021056992,0,0,0,0,0,0,single-fourier,1,0,0,0,,0,0,0,,,0,0,,,0,0,0,0,0,0,0,0,0,0,0,0,0,0,0,0,0,0,0,0,,,,,,,,,,,,
mqt2040,qftentangled_indep_qiskit_20,20,exact,,,solved,0.010,0.001,0.095,2097152,0,0,0,0,0,0,count-table,1,0,1,1,16781056,0,0,0,,,0,0,,,0,0,0,0,0,0,0,0,0,0,0,0,0,0,0,0,0,0,0,0,,,,,,,,,,,,
mqt2040,qftentangled_indep_qiskit_21,21,exact,,,solved,0.012,0.001,0.188,4194304,0,0,0,0,0,0,count-table,1,0,1,1,33558272,0,0,0,,,0,0,,,0,0,0,0,0,0,0,0,0,0,0,0,0,0,0,0,0,0,0,0,,,,,,,,,,,,
mqt2040,qftentangled_indep_qiskit_22,22,exact,,,solved,0.016,0.001,0.383,8388608,0,0,0,0,0,0,count-table,1,0,1,1,67112704,0,0,0,,,0,0,,,0,0,0,0,0,0,0,0,0,0,0,0,0,0,0,0,0,0,0,0,,,,,,,,,,,,
mqt2040,qftentangled_indep_qiskit_23,23,exact,,,solved,0.013,0.001,0.735,16777216,0,0,0,0,0,0,count-table,1,0,1,1,134221568,0,0,0,,,0,0,,,0,0,0,0,0,0,0,0,0,0,0,0,0,0,0,0,0,0,0,0,,,,,,,,,,,,
mqt2040,qftentangled_indep_qiskit_24,24,exact,,,solved,0.014,0.002,1.503,33554432,0,0,0,0,0,0,count-table,1,0,1,1,268439296,0,0,0,,,0,0,,,0,0,0,0,0,0,0,0,0,0,0,0,0,0,0,0,0,0,0,0,,,,,,,,,,,,
mqt2040,qftentangled_indep_qiskit_25,25,exact,,,solved,0.016,0.002,2.909,67108864,0,0,0,0,0,0,count-table,1,0,1,1,536874752,0,0,0,,,0,0,,,0,0,0,0,0,0,0,0,0,0,0,0,0,0,0,0,0,0,0,0,,,,,,,,,,,,
mqt2040,qftentangled_indep_qiskit_26,26,exact,,,solved,0.017,0.002,5.949,134217728,0,0,0,0,0,0,count-table,1,0,1,1,1073745664,0,0,0,,,0,0,,,0,0,0,0,0,0,0,0,0,0,0,0,0,0,0,0,0,0,0,0,,,,,,,,,,,,
mqt2040,qftentangled_indep_qiskit_27,27,exact,,,solved,0.018,0.002,11.745,268435456,0,0,0,0,0,0,count-table,1,0,1,1,2147487488,0,0,0,,,0,0,,,0,0,0,0,0,0,0,0,0,0,0,0,0,0,0,0,0,0,0,0,,,,,,,,,,,,
mqt2040,qftentangled_indep_qiskit_28,28,exact,,,solved,0.018,0.002,0.004,536870912,0,0,0,0,0,0,single-fourier,1,0,0,0,,0,0,0,,,0,0,,,0,0,0,0,0,0,0,0,0,0,0,0,0,0,0,0,0,0,0,0,,,,,,,,,,,,
mqt2040,qftentangled_indep_qiskit_29,29,exact,,,solved,0.022,0.002,0.003,1073741824,0,0,0,0,0,0,single-fourier,1,0,0,0,,0,0,0,,,0,0,,,0,0,0,0,0,0,0,0,0,0,0,0,0,0,0,0,0,0,0,0,,,,,,,,,,,,
mqt2040,qftentangled_indep_qiskit_30,30,exact,,,solved,0.020,0.002,0.003,2147483648,0,0,0,0,0,0,single-fourier,1,0,0,0,,0,0,0,,,0,0,,,0,0,0,0,0,0,0,0,0,0,0,0,0,0,0,0,0,0,0,0,,,,,,,,,,,,
mqt2040,qftentangled_indep_qiskit_31,31,exact,,,solved,0.022,0.002,0.003,4294967296,0,0,0,0,0,0,single-fourier,1,0,0,0,,0,0,0,,,0,0,,,0,0,0,0,0,0,0,0,0,0,0,0,0,0,0,0,0,0,0,0,,,,,,,,,,,,
mqt2040,qftentangled_indep_qiskit_32,32,approx,unsupported_angle,error: <stdin>:532: unsupported cp/cu1 angle in exact mode (must be an even multiple of the finest representable tick); use --approx,solved,0.023,0.003,0.003,92649337265552,0,0,0,0,0,0,single-fourier,1,0,0,0,,0,0,0,,,0,0,,,0,0,0,0,0,0,0,0,0,0,0,0,0,0,0,0,0,0,0,0,,,,,,,,,,,,
mqt2040,qftentangled_indep_qiskit_33,33,approx,unsupported_angle,error: <stdin>:533: unsupported cp/cu1 angle in exact mode (must be an even multiple of the finest representable tick); use --approx,solved,0.026,0.003,0.003,101184416186832,0,0,0,0,0,0,single-fourier,1,0,0,0,,0,0,0,,,0,0,,,0,0,0,0,0,0,0,0,0,0,0,0,0,0,0,0,0,0,0,0,,,,,,,,,,,,
mqt2040,qftentangled_indep_qiskit_34,34,approx,unsupported_angle,error: <stdin>:534: unsupported cp/cu1 angle in exact mode (must be an even multiple of the finest representable tick); use --approx,solved,0.026,0.003,0.002,110403105669520,0,0,0,0,0,0,single-fourier,1,0,0,0,,0,0,0,,,0,0,,,0,0,0,0,0,0,0,0,0,0,0,0,0,0,0,0,0,0,0,0,,,,,,,,,,,,
mqt2040,qftentangled_indep_qiskit_35,35,approx,unsupported_angle,error: <stdin>:535: unsupported cp/cu1 angle in exact mode (must be an even multiple of the finest representable tick); use --approx,solved,0.027,0.004,0.002,119983706625904,0,0,0,0,0,0,single-fourier,1,0,0,0,,0,0,0,,,0,0,,,0,0,0,0,0,0,0,0,0,0,0,0,0,0,0,0,0,0,0,0,,,,,,,,,,,,
mqt2040,qftentangled_indep_qiskit_36,36,approx,unsupported_angle,error: <stdin>:536: unsupported cp/cu1 angle in exact mode (must be an even multiple of the finest representable tick); use --approx,solved,0.030,0.003,0.002,130288130529680,0,0,0,0,0,0,single-fourier,1,0,0,0,,0,0,0,,,0,0,,,0,0,0,0,0,0,0,0,0,0,0,0,0,0,0,0,0,0,0,0,,,,,,,,,,,,
mqt2040,qftentangled_indep_qiskit_37,37,approx,unsupported_angle,error: <stdin>:537: unsupported cp/cu1 angle in exact mode (must be an even multiple of the finest representable tick); use --approx,solved,0.030,0.003,0.002,140974572100128,0,0,0,0,0,0,single-fourier,1,0,0,0,,0,0,0,,,0,0,,,0,0,0,0,0,0,0,0,0,0,0,0,0,0,0,0,0,0,0,0,,,,,,,,,,,,
mqt2040,qftentangled_indep_qiskit_38,38,approx,unsupported_angle,error: <stdin>:538: unsupported cp/cu1 angle in exact mode (must be an even multiple of the finest representable tick); use --approx,solved,0.033,0.003,0.003,152425049003936,0,0,0,0,0,0,single-fourier,1,0,0,0,,0,0,0,,,0,0,,,0,0,0,0,0,0,0,0,0,0,0,0,0,0,0,0,0,0,0,0,,,,,,,,,,,,
mqt2040,qftentangled_indep_qiskit_39,39,approx,unsupported_angle,error: <stdin>:539: unsupported cp/cu1 angle in exact mode (must be an even multiple of the finest representable tick); use --approx,solved,0.033,0.004,0.003,164277649767408,0,0,0,0,0,0,single-fourier,1,0,0,0,,0,0,0,,,0,0,,,0,0,0,0,0,0,0,0,0,0,0,0,0,0,0,0,0,0,0,0,,,,,,,,,,,,
mqt2040,qftentangled_indep_qiskit_40,40,approx,unsupported_angle,error: <stdin>:540: unsupported cp/cu1 angle in exact mode (must be an even multiple of the finest representable tick); use --approx,solved,0.038,0.004,0.003,176934498250192,0,0,0,0,0,0,single-fourier,1,0,0,0,,0,0,0,,,0,0,,,0,0,0,0,0,0,0,0,0,0,0,0,0,0,0,0,0,0,0,0,,,,,,,,,,,,
mqt2040,qnn_indep_qiskit_20,20,approx,unsupported_angle,"error: <stdin>:4: unsupported u2 angle 'u2(2.0,-pi)'",solved,0.027,0.003,0.497,124557865529536,1014,1773,1,20,53250022,20,single-fourier,1,0,0,0,,1,0,0,0,1,0,0,,,0,0,0,0,0,0,0,1,0,0,0,3800,2786,5573,201104604,140873247,58293090,117801920,67108832,16777216,1014,0,0,20,21,2097152,932884990288,1,2097152,52211628,30004144,47226655
mqt2040,qnn_indep_qiskit_21,21,approx,unsupported_angle,"error: <stdin>:4: unsupported u2 angle 'u2(2.0,-pi)'",solved,0.033,0.003,1.102,143980447951088,1107,1946,1,21,110627022,21,single-fourier,1,0,0,0,,1,0,0,0,1,0,0,,,0,0,0,0,0,0,0,1,0,0,0,4159,3052,6105,508911921,339313238,133939657,269486144,134217696,33554432,1107,0,0,21,22,4194304,5221493549152,1,4194304,119062548,26414624,147925659
mqt2040,qnn_indep_qiskit_22,22,approx,unsupported_angle,"error: <stdin>:4: unsupported u2 angle 'u2(2.0,-pi)'",solved,0.034,0.003,2.167,165323171802512,1204,2127,1,22,237105814,22,single-fourier,1,0,0,0,,1,0,0,0,1,0,0,,,0,0,0,0,0,0,0,1,0,0,0,4534,3330,6661,1037769808,698251949,287912027,537692448,268435424,67108864,1204,0,0,22,23,8388608,19747592192116,1,8388608,239081688,53807696,296369107
mqt2040,qnn_indep_qiskit_23,23,approx,unsupported_angle,"error: <stdin>:4: unsupported u2 angle 'u2(2.0,-pi)'",solved,0.036,0.003,4.483,188676514952240,1305,2316,1,23,439182110,23,single-fourier,1,0,0,0,,1,0,0,0,1,0,0,,,0,0,0,0,0,0,0,1,0,0,0,4925,3620,7241,2204670065,1439604312,653696726,1076988256,536870880,134217728,1305,0,0,23,24,16777216,72905270854148,1,16777216,524477316,131123424,638727619
mqt2040,qnn_indep_qiskit_24,24,approx,unsupported_angle,"error: <stdin>:4: unsupported u2 angle 'u2(2.0,-pi)'",solved,0.040,0.004,11.114,214130955268688,1410,2513,1,26,1087329094,24,single-fourier,1,0,0,0,,1,0,0,0,1,0,0,,,0,0,0,0,0,0,0,1,0,0,0,5332,3922,7845,4749056514,4928655252,1226951282,1652034496,536870912,268435456,1410,0,0,24,25,33554432,306588284158888,1,33554432,962400188,405654896,1012696127
mqt2040,qnn_indep_qiskit_25,25,approx,unsupported_angle,"error: <stdin>:4: unsupported u2 angle 'u2(2.0,-pi)'",refused:max_fallback_vars,0.046,0.004,0.210,241776970620272,1519,2718,1,27,2108410350,25,,1,0,0,,,0,0,0,,,0,0,,,0,0,0,0,0,0,0,1,0,0,0,0,0,0,0,0,0,0,0,0,,,,,,,,,,,,
mqt2040,qnn_indep_qiskit_26,26,approx,unsupported_angle,"error: <stdin>:4: unsupported u2 angle 'u2(2.0,-pi)'",refused:max_fallback_vars,0.066,0.005,0.244,271705038875440,1632,2931,1,29,5272405366,26,,1,0,0,,,0,0,0,,,0,0,,,0,0,0,0,0,0,0,1,0,0,0,0,0,0,0,0,0,0,0,0,,,,,,,,,,,,
mqt2040,qnn_indep_qiskit_27,27,approx,unsupported_angle,"error: <stdin>:4: unsupported u2 angle 'u2(2.0,-pi)'",refused:max_fallback_vars,0.048,0.004,0.290,304005637902592,1749,3152,1,30,11347419070,27,,1,0,0,,,0,0,0,,,0,0,,,0,0,0,0,0,0,0,1,0,0,0,0,0,0,0,0,0,0,0,0,,,,,,,,,,,,
mqt2040,qnn_indep_qiskit_28,28,approx,unsupported_angle,"error: <stdin>:4: unsupported u2 angle 'u2(2.0,-pi)'",refused:max_fallback_vars,0.053,0.005,0.342,338769245570144,1870,3381,1,28,16831324582,28,,1,0,0,,,0,0,0,,,0,0,,,0,0,0,0,0,0,0,1,0,0,0,0,0,0,0,0,0,0,0,0,,,,,,,,,,,,
mqt2040,qnn_indep_qiskit_29,29,approx,unsupported_angle,"error: <stdin>:4: unsupported u2 angle 'u2(2.0,-pi)'",refused:max_fallback_vars,0.055,0.004,0.512,376086339746544,1995,3618,1,29,34604725774,29,,1,0,0,,,0,0,0,,,0,0,,,0,0,0,0,0,0,0,1,0,0,0,0,0,0,0,0,0,0,0,0,,,,,,,,,,,,
mqt2040,qnn_indep_qiskit_30,30,approx,unsupported_angle,"error: <stdin>:4: unsupported u2 angle 'u2(2.0,-pi)'",refused:max_fallback_vars,0.062,0.005,0.460,416047398300208,2124,3863,1,33,95102169942,30,,1,0,0,,,0,0,0,,,0,0,,,0,0,0,0,0,0,0,1,0,0,0,0,0,0,0,0,0,0,0,0,,,,,,,,,,,,
mqt2040,qnn_indep_qiskit_31,31,approx,unsupported_angle,"error: <stdin>:4: unsupported u2 angle 'u2(2.0,-pi)'",refused:max_fallback_vars,0.064,0.005,0.527,458742899099552,2257,4116,1,31,146691061598,31,,1,0,0,,,0,0,0,,,0,0,,,0,0,0,0,0,0,0,1,0,0,0,0,0,0,0,0,0,0,0,0,,,,,,,,,,,,
mqt2040,qnn_indep_qiskit_32,32,approx,unsupported_angle,"error: <stdin>:4: unsupported u2 angle 'u2(2.0,-pi)'",refused:max_fallback_vars,0.067,0.005,0.614,504263320013008,2394,4377,1,35,406220864262,32,,1,0,0,,,0,0,0,,,0,0,,,0,0,0,0,0,0,0,1,0,0,0,0,0,0,0,0,0,0,0,0,,,,,,,,,,,,
mqt2040,qnn_indep_qiskit_33,33,approx,unsupported_angle,"error: <stdin>:4: unsupported u2 angle 'u2(2.0,-pi)'",refused:max_fallback_vars,0.073,0.006,0.730,552699138908992,2535,4646,1,33,636747089198,33,,1,0,0,,,0,0,0,,,0,0,,,0,0,0,0,0,0,0,1,0,0,0,0,0,0,0,0,0,0,0,0,,,,,,,,,,,,
mqt2040,qnn_indep_qiskit_34,34,approx,unsupported_angle,"error: <stdin>:4: unsupported u2 angle 'u2(2.0,-pi)'",refused:max_fallback_vars,0.078,0.006,0.799,604140833655936,2680,4923,1,34,1307307889718,34,,1,0,0,,,0,0,0,,,0,0,,,0,0,0,0,0,0,0,1,0,0,0,0,0,0,0,0,0,0,0,0,,,,,,,,,,,,
mqt2040,qnn_indep_qiskit_35,35,approx,unsupported_angle,"error: <stdin>:4: unsupported u2 angle 'u2(2.0,-pi)'",refused:max_fallback_vars,0.085,0.006,0.998,658678882122256,2829,5208,1,35,2648963662334,35,,1,0,0,,,0,0,0,,,0,0,,,0,0,0,0,0,0,0,1,0,0,0,0,0,0,0,0,0,0,0,0,,,,,,,,,,,,
mqt2040,qnn_indep_qiskit_36,36,approx,unsupported_angle,"error: <stdin>:4: unsupported u2 angle 'u2(2.0,-pi)'",refused:max_fallback_vars,0.085,0.007,1.040,716403762176384,2982,5501,1,36,5924046477158,36,,1,0,0,,,0,0,0,,,0,0,,,0,0,0,0,0,0,0,1,0,0,0,0,0,0,0,0,0,0,0,0,,,,,,,,,,,,
mqt2040,qnn_indep_qiskit_37,37,approx,unsupported_angle,"error: <stdin>:4: unsupported u2 angle 'u2(2.0,-pi)'",refused:max_fallback_vars,0.089,0.007,1.221,777405951686720,3139,5802,1,37,12121879625550,37,,1,0,0,,,0,0,0,,,0,0,,,0,0,0,0,0,0,0,1,0,0,0,0,0,0,0,0,0,0,0,0,,,,,,,,,,,,
mqt2040,qnn_indep_qiskit_38,38,approx,unsupported_angle,"error: <stdin>:4: unsupported u2 angle 'u2(2.0,-pi)'",refused:max_fallback_vars,0.101,0.007,1.502,841775928521712,3300,6111,1,38,24774240243734,38,,1,0,0,,,0,0,0,,,0,0,,,0,0,0,0,0,0,0,1,0,0,0,0,0,0,0,0,0,0,0,0,,,,,,,,,,,,
mqt2040,qnn_indep_qiskit_39,39,approx,unsupported_angle,"error: <stdin>:4: unsupported u2 angle 'u2(2.0,-pi)'",refused:max_fallback_vars,0.104,0.008,1.854,909604170549776,3465,6428,1,39,50664579573662,39,,1,0,0,,,0,0,0,,,0,0,,,0,0,0,0,0,0,0,1,0,0,0,0,0,0,0,0,0,0,0,0,,,,,,,,,,,,
mqt2040,qnn_indep_qiskit_40,40,approx,unsupported_angle,"error: <stdin>:4: unsupported u2 angle 'u2(2.0,-pi)'",refused:max_fallback_vars,0.113,0.008,2.034,980981155639344,3634,6753,1,40,105709521125062,40,,1,0,0,,,0,0,0,,,0,0,,,0,0,0,0,0,0,0,1,0,0,0,0,0,0,0,0,0,0,0,0,,,,,,,,,,,,
mqt2040,qpeexact_indep_qiskit_20,20,exact,,,solved,0.011,0.001,0.057,1048576,1,0,1,0,2,0,count-table,1,0,1,1,8392457,0,0,0,,,0,0,,,0,0,0,0,0,0,0,0,0,0,0,0,0,0,0,0,0,0,0,0,,,,,,,,,,,,
mqt2040,qpeexact_indep_qiskit_21,21,exact,,,solved,0.014,0.001,0.113,2097152,1,0,1,0,2,0,count-table,1,0,1,1,16781065,0,0,0,,,0,0,,,0,0,0,0,0,0,0,0,0,0,0,0,0,0,0,0,0,0,0,0,,,,,,,,,,,,
mqt2040,qpeexact_indep_qiskit_22,22,exact,,,solved,0.013,0.001,0.225,4194304,1,0,1,0,2,0,count-table,1,0,1,1,33558281,0,0,0,,,0,0,,,0,0,0,0,0,0,0,0,0,0,0,0,0,0,0,0,0,0,0,0,,,,,,,,,,,,
mqt2040,qpeexact_indep_qiskit_23,23,exact,,,solved,0.014,0.001,0.445,8388608,1,0,1,0,2,0,count-table,1,0,1,1,67112713,0,0,0,,,0,0,,,0,0,0,0,0,0,0,0,0,0,0,0,0,0,0,0,0,0,0,0,,,,,,,,,,,,
mqt2040,qpeexact_indep_qiskit_24,24,exact,,,solved,0.017,0.001,0.906,16777216,1,0,1,0,2,0,count-table,1,0,1,1,134221577,0,0,0,,,0,0,,,0,0,0,0,0,0,0,0,0,0,0,0,0,0,0,0,0,0,0,0,,,,,,,,,,,,
mqt2040,qpeexact_indep_qiskit_25,25,exact,,,solved,0.016,0.002,1.824,33554432,1,0,1,0,2,0,count-table,1,0,1,1,268439305,0,0,0,,,0,0,,,0,0,0,0,0,0,0,0,0,0,0,0,0,0,0,0,0,0,0,0,,,,,,,,,,,,
mqt2040,qpeexact_indep_qiskit_26,26,exact,,,solved,0.017,0.002,3.572,67108864,1,0,1,0,2,0,count-table,1,0,1,1,536874761,0,0,0,,,0,0,,,0,0,0,0,0,0,0,0,0,0,0,0,0,0,0,0,0,0,0,0,,,,,,,,,,,,
mqt2040,qpeexact_indep_qiskit_27,27,exact,,,solved,0.019,0.002,7.219,134217728,1,0,1,0,2,0,count-table,1,0,1,1,1073745673,0,0,0,,,0,0,,,0,0,0,0,0,0,0,0,0,0,0,0,0,0,0,0,0,0,0,0,,,,,,,,,,,,
mqt2040,qpeexact_indep_qiskit_28,28,exact,,,solved,0.020,0.002,14.611,268435456,1,0,1,0,2,0,count-table,1,0,1,1,2147487497,0,0,0,,,0,0,,,0,0,0,0,0,0,0,0,0,0,0,0,0,0,0,0,0,0,0,0,,,,,,,,,,,,
mqt2040,qpeexact_indep_qiskit_29,29,exact,,,solved,0.024,0.002,0.009,536870912,1,0,1,0,2,0,single-fourier,1,0,0,0,,0,0,0,,,0,1,,,0,0,0,0,0,0,0,0,0,0,0,0,0,0,0,0,0,0,0,0,,,,,,,,,,,,
mqt2040,qpeexact_indep_qiskit_30,30,exact,,,solved,0.021,0.002,0.006,1073741824,1,0,1,0,2,0,single-fourier,1,0,0,0,,0,0,0,,,0,1,,,0,0,0,0,0,0,0,0,0,0,0,0,0,0,0,0,0,0,0,0,,,,,,,,,,,,
mqt2040,qpeexact_indep_qiskit_31,31,exact,,,solved,0.022,0.002,0.005,2147483648,1,0,1,0,2,0,single-fourier,1,0,0,0,,0,0,0,,,0,1,,,0,0,0,0,0,0,0,0,0,0,0,0,0,0,0,0,0,0,0,0,,,,,,,,,,,,
mqt2040,qpeexact_indep_qiskit_32,32,exact,,,solved,0.023,0.002,0.005,4294967296,1,0,1,0,2,0,single-fourier,1,0,0,0,,0,0,0,,,0,1,,,0,0,0,0,0,0,0,0,0,0,0,0,0,0,0,0,0,0,0,0,,,,,,,,,,,,
mqt2040,qpeexact_indep_qiskit_33,33,approx,unsupported_angle,error: <stdin>:38: unsupported cp/cu1 angle in exact mode (must be an even multiple of the finest representable tick); use --approx,solved,0.027,0.003,0.005,101018540094720,1,0,1,0,2,0,single-fourier,1,0,0,0,,0,0,0,,,0,1,,,0,0,0,0,0,0,0,0,0,0,0,0,0,0,0,0,0,0,0,0,,,,,,,,,,,,
mqt2040,qpeexact_indep_qiskit_34,34,approx,unsupported_angle,error: <stdin>:39: unsupported cp phase angle 'cp(1.795114206854992)',solved,0.026,0.003,0.005,110061300388816,1,0,1,0,2,0,single-fourier,1,0,0,0,,0,0,0,,,0,1,,,0,0,0,0,0,0,0,0,0,0,0,0,0,0,0,0,0,0,0,0,,,,,,,,,,,,
mqt2040,qpeexact_indep_qiskit_35,35,approx,unsupported_angle,error: <stdin>:40: unsupported cp phase angle 'cp(0.897557103427496)',solved,0.027,0.003,0.005,119807777437312,1,0,1,0,2,0,single-fourier,1,0,0,0,,0,0,0,,,0,1,,,0,0,0,0,0,0,0,0,0,0,0,0,0,0,0,0,0,0,0,0,,,,,,,,,,,,
mqt2040,qpeexact_indep_qiskit_36,36,approx,unsupported_angle,error: <stdin>:41: unsupported cp phase angle 'cp(0.448778551713748)',solved,0.031,0.003,0.005,129926219055984,1,0,1,0,2,0,single-fourier,1,0,0,0,,0,0,0,,,0,1,,,0,0,0,0,0,0,0,0,0,0,0,0,0,0,0,0,0,0,0,0,,,,,,,,,,,,
mqt2040,qpeexact_indep_qiskit_37,37,approx,unsupported_angle,error: <stdin>:42: unsupported cp phase angle 'cp(0.224389275856874)',solved,0.031,0.003,0.005,140788589815040,1,0,1,0,2,0,single-fourier,1,0,0,0,,0,0,0,,,0,1,,,0,0,0,0,0,0,0,0,0,0,0,0,0,0,0,0,0,0,0,0,,,,,,,,,,,,
mqt2040,qpeexact_indep_qiskit_38,38,approx,unsupported_angle,error: <stdin>:43: unsupported cp phase angle 'cp(0.30854417877779905)',solved,0.032,0.003,0.005,152043031337264,1,0,1,0,2,0,single-fourier,1,0,0,0,,0,0,0,,,0,1,,,0,0,0,0,0,0,0,0,0,0,0,0,0,0,0,0,0,0,0,0,,,,,,,,,,,,
mqt2040,qpeexact_indep_qiskit_39,39,approx,unsupported_angle,error: <stdin>:44: unsupported cp phase angle 'cp(0.25244685981358056)',solved,0.036,0.003,0.005,164081614385824,1,0,1,0,2,0,single-fourier,1,0,0,0,,0,0,0,,,0,1,,,0,0,0,0,0,0,0,0,0,0,0,0,0,0,0,0,0,0,0,0,,,,,,,,,,,,
mqt2040,qpeexact_indep_qiskit_40,40,approx,unsupported_angle,error: <stdin>:45: unsupported cp phase angle 'cp(0.22439820033147131)',solved,0.036,0.003,0.005,176532374390528,1,0,1,0,2,0,single-fourier,1,0,0,0,,0,0,0,,,0,1,,,0,0,0,0,0,0,0,0,0,0,0,0,0,0,0,0,0,0,0,0,,,,,,,,,,,,
mqt2040,qpeinexact_indep_qiskit_20,20,exact,,,solved,0.010,0.001,0.114,2097152,1,0,1,0,2,0,count-table,1,0,1,1,16781065,0,0,0,,,0,0,,,0,0,0,0,0,0,0,0,0,0,0,0,0,0,0,0,0,0,0,0,,,,,,,,,,,,
mqt2040,qpeinexact_indep_qiskit_21,21,exact,,,solved,0.015,0.001,0.233,4194304,1,0,1,0,2,0,count-table,1,0,1,1,33558281,0,0,0,,,0,0,,,0,0,0,0,0,0,0,0,0,0,0,0,0,0,0,0,0,0,0,0,,,,,,,,,,,,
mqt2040,qpeinexact_indep_qiskit_22,22,exact,,,solved,0.034,0.001,0.467,8388608,1,0,1,0,2,0,count-table,1,0,1,1,67112713,0,0,0,,,0,0,,,0,0,0,0,0,0,0,0,0,0,0,0,0,0,0,0,0,0,0,0,,,,,,,,,,,,
mqt2040,qpeinexact_indep_qiskit_23,23,exact,,,solved,0.014,0.001,0.906,16777216,1,0,1,0,2,0,count-table,1,0,1,1,134221577,0,0,0,,,0,0,,,0,0,0,0,0,0,0,0,0,0,0,0,0,0,0,0,0,0,0,0,,,,,,,,,,,,
mqt2040,qpeinexact_indep_qiskit_24,24,exact,,,solved,0.014,0.001,1.782,33554432,1,0,1,0,2,0,count-table,1,0,1,1,268439305,0,0,0,,,0,0,,,0,0,0,0,0,0,0,0,0,0,0,0,0,0,0,0,0,0,0,0,,,,,,,,,,,,
mqt2040,qpeinexact_indep_qiskit_25,25,exact,,,solved,0.016,0.002,3.580,67108864,1,0,1,0,2,0,count-table,1,0,1,1,536874761,0,0,0,,,0,0,,,0,0,0,0,0,0,0,0,0,0,0,0,0,0,0,0,0,0,0,0,,,,,,,,,,,,
mqt2040,qpeinexact_indep_qiskit_26,26,exact,,,solved,0.017,0.002,7.129,134217728,1,0,1,0,2,0,count-table,1,0,1,1,1073745673,0,0,0,,,0,0,,,0,0,0,0,0,0,0,0,0,0,0,0,0,0,0,0,0,0,0,0,,,,,,,,,,,,
mqt2040,qpeinexact_indep_qiskit_27,27,exact,,,solved,0.018,0.002,14.599,268435456,1,0,1,0,2,0,count-table,1,0,1,1,2147487497,0,0,0,,,0,0,,,0,0,0,0,0,0,0,0,0,0,0,0,0,0,0,0,0,0,0,0,,,,,,,,,,,,
mqt2040,qpeinexact_indep_qiskit_28,28,exact,,,solved,0.023,0.002,0.014,536870912,1,0,1,0,2,0,single-fourier,1,0,0,0,,0,0,0,,,0,1,,,0,0,0,0,0,0,0,0,0,0,0,0,0,0,0,0,0,0,0,0,,,,,,,,,,,,
mqt2040,qpeinexact_indep_qiskit_29,29,exact,,,solved,0.019,0.002,0.009,1073741824,1,0,1,0,2,0,single-fourier,1,0,0,0,,0,0,0,,,0,1,,,0,0,0,0,0,0,0,0,0,0,0,0,0,0,0,0,0,0,0,0,,,,,,,,,,,,
mqt2040,qpeinexact_indep_qiskit_30,30,exact,,,solved,0.021,0.002,0.008,2147483648,1,0,1,0,2,0,single-fourier,1,0,0,0,,0,0,0,,,0,1,,,0,0,0,0,0,0,0,0,0,0,0,0,0,0,0,0,0,0,0,0,,,,,,,,,,,,
mqt2040,qpeinexact_indep_qiskit_31,31,exact,,,solved,0.022,0.002,0.008,4294967296,1,0,1,0,2,0,single-fourier,1,0,0,0,,0,0,0,,,0,1,,,0,0,0,0,0,0,0,0,0,0,0,0,0,0,0,0,0,0,0,0,,,,,,,,,,,,
mqt2040,qpeinexact_indep_qiskit_32,32,approx,unsupported_angle,error: <stdin>:37: unsupported cp/cu1 angle in exact mode (must be an even multiple of the finest representable tick); use --approx,solved,0.025,0.003,0.009,92327638177824,1,0,1,0,2,0,single-fourier,1,0,0,0,,0,0,0,,,0,1,,,0,0,0,0,0,0,0,0,0,0,0,0,0,0,0,0,0,0,0,0,,,,,,,,,,,,
mqt2040,qpeinexact_indep_qiskit_33,33,approx,unsupported_angle,error: <stdin>:38: unsupported cp phase angle 'cp(1.795114206854992)',solved,0.025,0.003,0.008,101018540094720,1,0,1,0,2,0,single-fourier,1,0,0,0,,0,0,0,,,0,1,,,0,0,0,0,0,0,0,0,0,0,0,0,0,0,0,0,0,0,0,0,,,,,,,,,,,,
mqt2040,qpeinexact_indep_qiskit_34,34,approx,unsupported_angle,error: <stdin>:39: unsupported cp phase angle 'cp(0.897557103427496)',solved,0.026,0.003,0.008,110061300388816,1,0,1,0,2,0,single-fourier,1,0,0,0,,0,0,0,,,0,1,,,0,0,0,0,0,0,0,0,0,0,0,0,0,0,0,0,0,0,0,0,,,,,,,,,,,,
mqt2040,qpeinexact_indep_qiskit_35,35,approx,unsupported_angle,error: <stdin>:40: unsupported cp phase angle 'cp(0.448778551713748)',solved,0.030,0.003,0.009,119807777437312,1,0,1,0,2,0,single-fourier,1,0,0,0,,0,0,0,,,0,1,,,0,0,0,0,0,0,0,0,0,0,0,0,0,0,0,0,0,0,0,0,,,,,,,,,,,,
mqt2040,qpeinexact_indep_qiskit_36,36,approx,unsupported_angle,error: <stdin>:41: unsupported cp phase angle 'cp(0.224389275856874)',solved,0.030,0.003,0.008,129926219055984,1,0,1,0,2,0,single-fourier,1,0,0,0,,0,0,0,,,0,1,,,0,0,0,0,0,0,0,0,0,0,0,0,0,0,0,0,0,0,0,0,,,,,,,,,,,,
mqt2040,qpeinexact_indep_qiskit_37,37,approx,unsupported_angle,error: <stdin>:42: unsupported cp phase angle 'cp(0.30854417877779905)',solved,0.031,0.003,0.008,140788589815040,1,0,1,0,2,0,single-fourier,1,0,0,0,,0,0,0,,,0,1,,,0,0,0,0,0,0,0,0,0,0,0,0,0,0,0,0,0,0,0,0,,,,,,,,,,,,
mqt2040,qpeinexact_indep_qiskit_38,38,approx,unsupported_angle,error: <stdin>:43: unsupported cp phase angle 'cp(0.25244685981358056)',solved,0.034,0.003,0.009,152043031337264,1,0,1,0,2,0,single-fourier,1,0,0,0,,0,0,0,,,0,1,,,0,0,0,0,0,0,0,0,0,0,0,0,0,0,0,0,0,0,0,0,,,,,,,,,,,,
mqt2040,qpeinexact_indep_qiskit_39,39,approx,unsupported_angle,error: <stdin>:44: unsupported cp phase angle 'cp(0.22439820033147131)',solved,0.034,0.003,0.009,164081614385824,1,0,1,0,2,0,single-fourier,1,0,0,0,,0,0,0,,,0,1,,,0,0,0,0,0,0,0,0,0,0,0,0,0,0,0,0,0,0,0,0,,,,,,,,,,,,
mqt2040,qpeinexact_indep_qiskit_40,40,approx,unsupported_angle,error: <stdin>:45: unsupported cp phase angle 'cp(0.2103738705904167)',solved,0.038,0.004,0.011,176532374390528,1,0,1,0,2,0,single-fourier,1,0,0,0,,0,0,0,,,0,1,,,0,0,0,0,0,0,0,0,0,0,0,0,0,0,0,0,0,0,0,0,,,,,,,,,,,,
mqt2040,qwalk-v-chain_indep_qiskit_21,21,exact,,,solved,0.011,0.005,0.008,8,1,0,1,0,2,0,count-table,1,0,1,1,3913,0,0,0,,,0,0,,,0,0,0,0,0,0,0,0,0,0,0,0,0,0,0,0,0,0,0,0,,,,,,,,,,,,
mqt2040,qwalk-v-chain_indep_qiskit_23,23,exact,,,solved,0.013,0.006,0.008,8,1,0,1,0,2,0,count-table,1,0,1,1,3913,0,0,0,,,0,0,,,0,0,0,0,0,0,0,0,0,0,0,0,0,0,0,0,0,0,0,0,,,,,,,,,,,,
mqt2040,qwalk-v-chain_indep_qiskit_25,25,exact,,,solved,0.015,0.007,0.008,8,1,0,1,0,2,0,count-table,1,0,1,1,3913,0,0,0,,,0,0,,,0,0,0,0,0,0,0,0,0,0,0,0,0,0,0,0,0,0,0,0,,,,,,,,,,,,
mqt2040,qwalk-v-chain_indep_qiskit_27,27,exact,,,solved,0.017,0.008,0.008,8,1,0,1,0,2,0,count-table,1,0,1,1,3913,0,0,0,,,0,0,,,0,0,0,0,0,0,0,0,0,0,0,0,0,0,0,0,0,0,0,0,,,,,,,,,,,,
mqt2040,qwalk-v-chain_indep_qiskit_29,29,exact,,,solved,0.020,0.009,0.011,8,1,0,1,0,2,0,count-table,1,0,1,1,3913,0,0,0,,,0,0,,,0,0,0,0,0,0,0,0,0,0,0,0,0,0,0,0,0,0,0,0,,,,,,,,,,,,
mqt2040,qwalk-v-chain_indep_qiskit_31,31,exact,,,solved,0.023,0.010,0.011,8,1,0,1,0,2,0,count-table,1,0,1,1,3913,0,0,0,,,0,0,,,0,0,0,0,0,0,0,0,0,0,0,0,0,0,0,0,0,0,0,0,,,,,,,,,,,,
mqt2040,realamprandom_indep_qiskit_20,20,approx,unsupported_angle,error: <stdin>:4: unsupported ry phase angle 'ry(4.846350532897925)',solved,0.013,0.002,0.778,65345127194672,254,804,1,20,86067998,20,single-fourier,1,0,0,0,,1,0,0,0,1,0,0,,,0,0,0,0,0,0,0,1,0,0,0,1311,1057,2115,395457319,240877417,111088182,135320192,67108832,16777216,254,0,0,20,21,2097152,278266452,1,2097152,100049332,38149128,107059515
mqt2040,realamprandom_indep_qiskit_21,21,approx,unsupported_angle,error: <stdin>:4: unsupported ry phase angle 'ry(4.846350532897925)',solved,0.013,0.002,1.660,75368064396688,267,876,1,21,184699722,21,single-fourier,1,0,0,0,,1,0,0,0,1,0,0,,,0,0,0,0,0,0,0,1,0,0,0,1409,1142,2285,858499304,527727264,233999797,202905824,134217696,33554432,267,0,0,21,22,4194304,569508488,1,4194304,204722120,73871752,223200229
mqt2040,realamprandom_indep_qiskit_22,22,approx,unsupported_angle,error: <stdin>:4: unsupported ry phase angle 'ry(4.846350532897925)',solved,0.014,0.002,3.528,86366151958368,280,951,1,22,377785206,22,single-fourier,1,0,0,0,,1,0,0,0,1,0,0,,,0,0,0,0,0,0,0,1,0,0,0,1510,1230,2461,1818153420,1150739701,508653644,539065728,268435424,67108864,280,0,0,22,23,8388608,1214513820,1,8388608,438766476,164475016,471564479
mqt2040,realamprandom_indep_qiskit_23,23,approx,unsupported_angle,error: <stdin>:4: unsupported ry phase angle 'ry(4.846350532897925)',solved,0.017,0.003,7.345,98384628813952,293,1029,1,23,805606306,23,single-fourier,1,0,0,0,,1,0,0,0,1,0,0,,,0,0,0,0,0,0,0,1,0,0,0,1614,1321,2643,3813291525,2381600015,1081012558,811605024,536870880,134217728,293,0,0,23,24,16777216,2480407232,1,16777216,881442232,328883848,955491585
mqt2040,realamprandom_indep_qiskit_24,24,approx,unsupported_angle,error: <stdin>:4: unsupported ry phase angle 'ry(4.846350532897925)',solved,0.017,0.002,21.204,111468733897616,306,1110,1,24,1644762062,24,single-fourier,1,0,0,0,,1,0,0,0,1,0,0,,,0,0,0,0,0,0,0,1,0,0,0,1721,1415,2831,9517985876,9310382932,2300233873,2151860608,536870880,268435456,306,0,0,24,25,33554432,5130158820,1,33554432,1884562656,689859464,2050622271
mqt2040,realamprandom_indep_qiskit_25,25,approx,unsupported_angle,error: <stdin>:4: unsupported ry phase angle 'ry(4.846350532897925)',refused:no_delegate,0.018,0.003,0.043,125663706143600,319,1194,1,25,3490780154,25,,1,0,0,,,0,0,0,,,0,0,,,0,0,0,0,0,0,0,1,0,0,0,0,0,0,0,0,0,0,0,0,,,,,,,,,,,,
mqt2040,realamprandom_indep_qiskit_26,26,approx,unsupported_angle,error: <stdin>:4: unsupported ry phase angle 'ry(4.846350532897925)',refused:max_fallback_vars,0.018,0.003,0.044,141014784486096,332,1281,1,26,7114728486,26,,1,0,0,,,0,0,0,,,0,0,,,0,0,0,0,0,0,0,1,0,0,0,0,0,0,0,0,0,0,0,0,,,,,,,,,,,,
mqt2040,realamprandom_indep_qiskit_27,27,approx,unsupported_angle,error: <stdin>:4: unsupported ry phase angle 'ry(4.846350532897925)',refused:max_fallback_vars,0.020,0.003,0.050,157567207859328,345,1371,1,27,15034623058,27,,1,0,0,,,0,0,0,,,0,0,,,0,0,0,0,0,0,0,1,0,0,0,0,0,0,0,0,0,0,0,0,,,,,,,,,,,,
mqt2040,realamprandom_indep_qiskit_28,28,approx,unsupported_angle,error: <stdin>:4: unsupported ry phase angle 'ry(4.846350532897925)',refused:max_fallback_vars,0.021,0.003,0.053,175366215197520,358,1464,1,28,30606107774,28,,1,0,0,,,0,0,0,,,0,0,,,0,0,0,0,0,0,0,1,0,0,0,0,0,0,0,0,0,0,0,0,,,,,,,,,,,,
mqt2040,realamprandom_indep_qiskit_29,29,approx,unsupported_angle,error: <stdin>:4: unsupported ry phase angle 'ry(4.846350532897925)',refused:max_fallback_vars,0.022,0.003,0.065,194457045434848,371,1560,1,29,64428983466,29,,1,0,0,,,0,0,0,,,0,0,,,0,0,0,0,0,0,0,1,0,0,0,0,0,0,0,0,0,0,0,0,,,,,,,,,,,,
mqt2040,realamprandom_indep_qiskit_30,30,approx,unsupported_angle,error: <stdin>:4: unsupported ry phase angle 'ry(4.846350532897925)',refused:max_fallback_vars,0.025,0.003,0.068,214884937505552,384,1659,1,30,131005433046,30,,1,0,0,,,0,0,0,,,0,0,,,0,0,0,0,0,0,0,1,0,0,0,0,0,0,0,0,0,0,0,0,,,,,,,,,,,,
mqt2040,realamprandom_indep_qiskit_31,31,approx,unsupported_angle,error: <stdin>:4: unsupported ry phase angle 'ry(4.846350532897925)',refused:max_fallback_vars,0.028,0.003,0.071,236695130343824,397,1761,1,31,274895226114,31,,1,0,0,,,0,0,0,,,0,0,,,0,0,0,0,0,0,0,1,0,0,0,0,0,0,0,0,0,0,0,0,,,,,,,,,,,,
mqt2040,realamprandom_indep_qiskit_32,32,approx,unsupported_angle,error: <stdin>:4: unsupported ry phase angle 'ry(4.846350532897925)',refused:max_fallback_vars,0.027,0.004,0.077,259932862883904,410,1866,1,32,558363608366,32,,1,0,0,,,0,0,0,,,0,0,,,0,0,0,0,0,0,0,1,0,0,0,0,0,0,0,0,0,0,0,0,,,,,,,,,,,,
mqt2040,realamprandom_indep_qiskit_33,33,approx,unsupported_angle,error: <stdin>:4: unsupported ry phase angle 'ry(4.846350532897925)',refused:max_fallback_vars,0.029,0.004,0.083,284643374059984,423,1974,1,33,1168265741658,33,,1,0,0,,,0,0,0,,,0,0,,,0,0,0,0,0,0,0,1,0,0,0,0,0,0,0,0,0,0,0,0,,,,,,,,,,,,
mqt2040,realamprandom_indep_qiskit_34,34,approx,unsupported_angle,error: <stdin>:4: unsupported ry phase angle 'ry(4.846350532897925)',refused:max_fallback_vars,0.030,0.004,0.092,310871902806272,436,2085,1,34,2370891187590,34,,1,0,0,,,0,0,0,,,0,0,,,0,0,0,0,0,0,0,1,0,0,0,0,0,0,0,0,0,0,0,0,,,,,,,,,,,,
mqt2040,realamprandom_indep_qiskit_35,35,approx,unsupported_angle,error: <stdin>:4: unsupported ry phase angle 'ry(4.846350532897925)',refused:max_fallback_vars,0.033,0.004,0.102,338663688056992,449,2199,1,35,4947871598002,35,,1,0,0,,,0,0,0,,,0,0,,,0,0,0,0,0,0,0,1,0,0,0,0,0,0,0,0,0,0,0,0,,,,,,,,,,,,
mqt2040,realamprandom_indep_qiskit_36,36,approx,unsupported_angle,error: <stdin>:4: unsupported ry phase angle 'ry(4.846350532897925)',refused:max_fallback_vars,0.033,0.004,0.112,368063968746336,462,2316,1,36,10033182082526,36,,1,0,0,,,0,0,0,,,0,0,,,0,0,0,0,0,0,0,1,0,0,0,0,0,0,0,0,0,0,0,0,,,,,,,,,,,,
mqt2040,realamprandom_indep_qiskit_37,37,approx,unsupported_angle,error: <stdin>:4: unsupported ry phase angle 'ry(4.846350532897925)',refused:max_fallback_vars,0.037,0.005,0.120,399117983808544,475,2436,1,37,20890993624586,37,,1,0,0,,,0,0,0,,,0,0,,,0,0,0,0,0,0,0,1,0,0,0,0,0,0,0,0,0,0,0,0,,,,,,,,,,,,
mqt2040,realamprandom_indep_qiskit_38,38,approx,unsupported_angle,error: <stdin>:4: unsupported ry phase angle 'ry(4.846350532897925)',refused:max_fallback_vars,0.037,0.005,0.130,431870972177808,488,2559,1,38,42331474626102,38,,1,0,0,,,0,0,0,,,0,0,,,0,0,0,0,0,0,0,1,0,0,0,0,0,0,0,0,0,0,0,0,,,,,,,,,,,,
mqt2040,realamprandom_indep_qiskit_39,39,approx,unsupported_angle,error: <stdin>:4: unsupported ry phase angle 'ry(4.846350532897925)',refused:max_fallback_vars,0.038,0.005,0.140,466368172788352,501,2685,1,39,87961475614306,39,,1,0,0,,,0,0,0,,,0,0,,,0,0,0,0,0,0,0,1,0,0,0,0,0,0,0,0,0,0,0,0,,,,,,,,,,,,
mqt2040,realamprandom_indep_qiskit_40,40,approx,unsupported_angle,error: <stdin>:4: unsupported ry phase angle 'ry(4.846350532897925)',refused:max_fallback_vars,0.040,0.005,0.150,502654824574368,514,2814,1,40,178121974351502,40,,1,0,0,,,0,0,0,,,0,0,,,0,0,0,0,0,0,0,1,0,0,0,0,0,0,0,0,0,0,0,0,,,,,,,,,,,,
mqt2040,su2random_indep_qiskit_20,20,approx,unsupported_angle,"error: <stdin>:4: unsupported u3 angle 'u3(1.4368347742816614,0.2673141479915975,-pi)'",solved,0.013,0.002,0.789,65345127194672,254,804,1,20,86067998,20,single-fourier,1,0,0,0,,1,0,0,0,1,0,0,,,0,0,0,0,0,0,0,1,0,0,0,1311,1057,2115,394965184,247172281,114619502,135320192,67108832,16777216,254,0,0,20,21,2097152,278266452,1,2097152,100049332,38149128,107059515
mqt2040,su2random_indep_qiskit_21,21,approx,unsupported_angle,"error: <stdin>:4: unsupported u3 angle 'u3(1.4368347742816616,-2.2483118993788564,-pi)'",solved,0.014,0.002,1.656,75368064396688,267,876,1,21,184699722,21,single-fourier,1,0,0,0,,1,0,0,0,1,0,0,,,0,0,0,0,0,0,0,1,0,0,0,1409,1142,2285,854725576,526801304,234460168,202905824,134217696,33554432,267,0,0,21,22,4194304,569508488,1,4194304,204722120,73871752,223200229
mqt2040,su2random_indep_qiskit_22,22,approx,unsupported_angle,"error: <stdin>:4: unsupported u3 angle 'u3(1.4368347742816616,-0.7958234754631421,-pi)'",solved,0.017,0.003,3.590,86366151958368,280,951,1,22,377785206,22,single-fourier,1,0,0,0,,1,0,0,0,1,0,0,,,0,0,0,0,0,0,0,1,0,0,0,1510,1230,2461,1858394562,1157483682,522812052,539065728,268435424,67108864,280,0,0,22,23,8388608,1214513820,1,8388608,438766476,164475016,471564479
mqt2040,su2random_indep_qiskit_23,23,approx,unsupported_angle,"error: <stdin>:4: unsupported u3 angle 'u3(1.4368347742816616,1.0941137716709264,-pi)'",solved,0.017,0.002,7.421,98384628813952,293,1029,1,23,805606306,23,single-fourier,1,0,0,0,,1,0,0,0,1,0,0,,,0,0,0,0,0,0,0,1,0,0,0,1614,1321,2643,3850172179,2433763044,1067262534,811605024,536870880,134217728,293,0,0,23,24,16777216,2480407232,1,16777216,881442232,328883848,955491585
mqt2040,su2random_indep_qiskit_24,24,approx,unsupported_angle,"error: <stdin>:4: unsupported u3 angle 'u3(1.4368347742816616,-0.36547294383070916,-pi)'",solved,0.018,0.003,21.453,111468733897616,306,1110,1,24,1644762062,24,single-fourier,1,0,0,0,,1,0,0,0,1,0,0,,,0,0,0,0,0,0,0,1,0,0,0,1721,1415,2831,9709147720,9355056366,2313667333,2151860608,536870880,268435456,306,0,0,24,25,33554432,5130158820,1,33554432,1884562656,689859464,2050622271
mqt2040,su2random_indep_qiskit_25,25,approx,unsupported_angle,"error: <stdin>:4: unsupported u3 angle 'u3(1.4368347742816614,-0.4146023075677032,-pi)'",refused:no_delegate,0.022,0.003,0.043,125663706143600,319,1194,1,25,3490780154,25,,1,0,0,,,0,0,0,,,0,0,,,0,0,0,0,0,0,0,1,0,0,0,0,0,0,0,0,0,0,0,0,,,,,,,,,,,,
mqt2040,su2random_indep_qiskit_26,26,approx,unsupported_angle,"error: <stdin>:4: unsupported u3 angle 'u3(1.4368347742816614,0.7399517487893483,-pi)'",refused:max_fallback_vars,0.022,0.003,0.046,141014784486096,332,1281,1,26,7114728486,26,,1,0,0,,,0,0,0,,,0,0,,,0,0,0,0,0,0,0,1,0,0,0,0,0,0,0,0,0,0,0,0,,,,,,,,,,,,
mqt2040,su2random_indep_qiskit_27,27,approx,unsupported_angle,"error: <stdin>:4: unsupported u3 angle 'u3(1.4368347742816616,0.0825500125799099,-pi)'",refused:max_fallback_vars,0.021,0.003,0.050,157567207859328,345,1371,1,27,15034623058,27,,1,0,0,,,0,0,0,,,0,0,,,0,0,0,0,0,0,0,1,0,0,0,0,0,0,0,0,0,0,0,0,,,,,,,,,,,,
mqt2040,su2random_indep_qiskit_28,28,approx,unsupported_angle,"error: <stdin>:4: unsupported u3 angle 'u3(1.4368347742816614,0.94497336375301,-pi)'",refused:max_fallback_vars,0.023,0.003,0.055,175366215197520,358,1464,1,28,30606107774,28,,1,0,0,,,0,0,0,,,0,0,,,0,0,0,0,0,0,0,1,0,0,0,0,0,0,0,0,0,0,0,0,,,,,,,,,,,,
mqt2040,su2random_indep_qiskit_29,29,approx,unsupported_angle,"error: <stdin>:4: unsupported u3 angle 'u3(1.4368347742816616,0.6348464674842358,-pi)'",refused:max_fallback_vars,0.025,0.003,0.059,194457045434848,371,1560,1,29,64428983466,29,,1,0,0,,,0,0,0,,,0,0,,,0,0,0,0,0,0,0,1,0,0,0,0,0,0,0,0,0,0,0,0,,,,,,,,,,,,
mqt2040,su2random_indep_qiskit_30,30,approx,unsupported_angle,"error: <stdin>:4: unsupported u3 angle 'u3(1.4368347742816616,1.917773905749895,-pi)'",refused:max_fallback_vars,0.026,0.003,0.062,214884937505552,384,1659,1,30,131005433046,30,,1,0,0,,,0,0,0,,,0,0,,,0,0,0,0,0,0,0,1,0,0,0,0,0,0,0,0,0,0,0,0,,,,,,,,,,,,
mqt2040,su2random_indep_qiskit_31,31,approx,unsupported_angle,"error: <stdin>:4: unsupported u3 angle 'u3(1.4368347742816616,0.13601306986195905,-pi)'",refused:max_fallback_vars,0.027,0.004,0.069,236695130343824,397,1761,1,31,274895226114,31,,1,0,0,,,0,0,0,,,0,0,,,0,0,0,0,0,0,0,1,0,0,0,0,0,0,0,0,0,0,0,0,,,,,,,,,,,,
mqt2040,su2random_indep_qiskit_32,32,approx,unsupported_angle,"error: <stdin>:4: unsupported u3 angle 'u3(1.4368347742816616,2.567616643692406,-pi)'",refused:max_fallback_vars,0.029,0.004,0.078,259932862883904,410,1866,1,32,558363608366,32,,1,0,0,,,0,0,0,,,0,0,,,0,0,0,0,0,0,0,1,0,0,0,0,0,0,0,0,0,0,0,0,,,,,,,,,,,,
mqt2040,su2random_indep_qiskit_33,33,approx,unsupported_angle,"error: <stdin>:4: unsupported u3 angle 'u3(1.4368347742816616,-1.135773149735491,-pi)'",refused:max_fallback_vars,0.031,0.004,0.084,284643374059984,423,1974,1,33,1168265741658,33,,1,0,0,,,0,0,0,,,0,0,,,0,0,0,0,0,0,0,1,0,0,0,0,0,0,0,0,0,0,0,0,,,,,,,,,,,,
mqt2040,su2random_indep_qiskit_34,34,approx,unsupported_angle,"error: <stdin>:4: unsupported u3 angle 'u3(1.4368347742816616,-2.5732197993538017,-pi)'",refused:max_fallback_vars,0.033,0.004,0.093,310871902806272,436,2085,1,34,2370891187590,34,,1,0,0,,,0,0,0,,,0,0,,,0,0,0,0,0,0,0,1,0,0,0,0,0,0,0,0,0,0,0,0,,,,,,,,,,,,
mqt2040,su2random_indep_qiskit_35,35,approx,unsupported_angle,"error: <stdin>:4: unsupported u3 angle 'u3(1.4368347742816616,-1.252238475865131,-pi)'",refused:max_fallback_vars,0.035,0.004,0.105,338663688056992,449,2199,1,35,4947871598002,35,,1,0,0,,,0,0,0,,,0,0,,,0,0,0,0,0,0,0,1,0,0,0,0,0,0,0,0,0,0,0,0,,,,,,,,,,,,
mqt2040,su2random_indep_qiskit_36,36,approx,unsupported_angle,"error: <stdin>:4: unsupported u3 angle 'u3(1.4368347742816616,-2.4254077858804965,-pi)'",refused:max_fallback_vars,0.037,0.005,0.114,368063968746336,462,2316,1,36,10033182082526,36,,1,0,0,,,0,0,0,,,0,0,,,0,0,0,0,0,0,0,1,0,0,0,0,0,0,0,0,0,0,0,0,,,,,,,,,,,,
mqt2040,su2random_indep_qiskit_37,37,approx,unsupported_angle,"error: <stdin>:4: unsupported u3 angle 'u3(1.4368347742816616,2.0651656802006935,-pi)'",refused:max_fallback_vars,0.038,0.005,0.118,399117983808544,475,2436,1,37,20890993624586,37,,1,0,0,,,0,0,0,,,0,0,,,0,0,0,0,0,0,0,1,0,0,0,0,0,0,0,0,0,0,0,0,,,,,,,,,,,,
mqt2040,su2random_indep_qiskit_38,38,approx,unsupported_angle,"error: <stdin>:4: unsupported u3 angle 'u3(1.4368347742816614,-2.846934388642458,-pi)'",refused:max_fallback_vars,0.042,0.005,0.131,431870972177808,488,2559,1,38,42331474626102,38,,1,0,0,,,0,0,0,,,0,0,,,0,0,0,0,0,0,0,1,0,0,0,0,0,0,0,0,0,0,0,0,,,,,,,,,,,,
mqt2040,su2random_indep_qiskit_39,39,approx,unsupported_angle,"error: <stdin>:4: unsupported u3 angle 'u3(1.4368347742816616,0.7934855547557511,-pi)'",refused:max_fallback_vars,0.042,0.005,0.138,466368172788352,501,2685,1,39,87961475614306,39,,1,0,0,,,0,0,0,,,0,0,,,0,0,0,0,0,0,0,1,0,0,0,0,0,0,0,0,0,0,0,0,,,,,,,,,,,,
mqt2040,su2random_indep_qiskit_40,40,approx,unsupported_angle,"error: <stdin>:4: unsupported u3 angle 'u3(1.4368347742816616,0.2989926356969477,-pi)'",refused:max_fallback_vars,0.042,0.005,0.152,502654824574368,514,2814,1,40,178121974351502,40,,1,0,0,,,0,0,0,,,0,0,,,0,0,0,0,0,0,0,1,0,0,0,0,0,0,0,0,0,0,0,0,,,,,,,,,,,,
mqt2040,twolocalrandom_indep_qiskit_20,20,approx,unsupported_angle,error: <stdin>:4: unsupported ry phase angle 'ry(4.846350532897925)',solved,0.012,0.002,0.780,65345127194672,254,804,1,20,86067998,20,single-fourier,1,0,0,0,,1,0,0,0,1,0,0,,,0,0,0,0,0,0,0,1,0,0,0,1311,1057,2115,396991880,245117600,104835898,135320192,67108832,16777216,254,0,0,20,21,2097152,278266452,1,2097152,100049332,38149128,107059515
mqt2040,twolocalrandom_indep_qiskit_21,21,approx,unsupported_angle,error: <stdin>:4: unsupported ry phase angle 'ry(4.846350532897925)',solved,0.013,0.002,1.668,75368064396688,267,876,1,21,184699722,21,single-fourier,1,0,0,0,,1,0,0,0,1,0,0,,,0,0,0,0,0,0,0,1,0,0,0,1409,1142,2285,854209150,535706157,237564019,202905824,134217696,33554432,267,0,0,21,22,4194304,569508488,1,4194304,204722120,73871752,223200229
mqt2040,twolocalrandom_indep_qiskit_22,22,approx,unsupported_angle,error: <stdin>:4: unsupported ry phase angle 'ry(4.846350532897925)',solved,0.015,0.003,3.523,86366151958368,280,951,1,22,377785206,22,single-fourier,1,0,0,0,,1,0,0,0,1,0,0,,,0,0,0,0,0,0,0,1,0,0,0,1510,1230,2461,1810271684,1149296405,512097561,539065728,268435424,67108864,280,0,0,22,23,8388608,1214513820,1,8388608,438766476,164475016,471564479
mqt2040,twolocalrandom_indep_qiskit_23,23,approx,unsupported_angle,error: <stdin>:4: unsupported ry phase angle 'ry(4.846350532897925)',solved,0.015,0.002,7.322,98384628813952,293,1029,1,23,805606306,23,single-fourier,1,0,0,0,,1,0,0,0,1,0,0,,,0,0,0,0,0,0,0,1,0,0,0,1614,1321,2643,3808918433,2370435548,1073256219,811605024,536870880,134217728,293,0,0,23,24,16777216,2480407232,1,16777216,881442232,328883848,955491585
mqt2040,twolocalrandom_indep_qiskit_24,24,approx,unsupported_angle,error: <stdin>:4: unsupported ry phase angle 'ry(4.846350532897925)',solved,0.017,0.003,21.425,111468733897616,306,1110,1,24,1644762062,24,single-fourier,1,0,0,0,,1,0,0,0,1,0,0,,,0,0,0,0,0,0,0,1,0,0,0,1721,1415,2831,9618555512,9412628965,2316779298,2151860608,536870880,268435456,306,0,0,24,25,33554432,5130158820,1,33554432,1884562656,689859464,2050622271
mqt2040,twolocalrandom_indep_qiskit_25,25,approx,unsupported_angle,error: <stdin>:4: unsupported ry phase angle 'ry(4.846350532897925)',refused:no_delegate,0.018,0.003,0.043,125663706143600,319,1194,1,25,3490780154,25,,1,0,0,,,0,0,0,,,0,0,,,0,0,0,0,0,0,0,1,0,0,0,0,0,0,0,0,0,0,0,0,,,,,,,,,,,,
mqt2040,twolocalrandom_indep_qiskit_26,26,approx,unsupported_angle,error: <stdin>:4: unsupported ry phase angle 'ry(4.846350532897925)',refused:max_fallback_vars,0.018,0.003,0.046,141014784486096,332,1281,1,26,7114728486,26,,1,0,0,,,0,0,0,,,0,0,,,0,0,0,0,0,0,0,1,0,0,0,0,0,0,0,0,0,0,0,0,,,,,,,,,,,,
mqt2040,twolocalrandom_indep_qiskit_27,27,approx,unsupported_angle,error: <stdin>:4: unsupported ry phase angle 'ry(4.846350532897925)',refused:max_fallback_vars,0.019,0.003,0.050,157567207859328,345,1371,1,27,15034623058,27,,1,0,0,,,0,0,0,,,0,0,,,0,0,0,0,0,0,0,1,0,0,0,0,0,0,0,0,0,0,0,0,,,,,,,,,,,,
mqt2040,twolocalrandom_indep_qiskit_28,28,approx,unsupported_angle,error: <stdin>:4: unsupported ry phase angle 'ry(4.846350532897925)',refused:max_fallback_vars,0.022,0.003,0.054,175366215197520,358,1464,1,28,30606107774,28,,1,0,0,,,0,0,0,,,0,0,,,0,0,0,0,0,0,0,1,0,0,0,0,0,0,0,0,0,0,0,0,,,,,,,,,,,,
mqt2040,twolocalrandom_indep_qiskit_29,29,approx,unsupported_angle,error: <stdin>:4: unsupported ry phase angle 'ry(4.846350532897925)',refused:max_fallback_vars,0.023,0.003,0.057,194457045434848,371,1560,1,29,64428983466,29,,1,0,0,,,0,0,0,,,0,0,,,0,0,0,0,0,0,0,1,0,0,0,0,0,0,0,0,0,0,0,0,,,,,,,,,,,,
mqt2040,twolocalrandom_indep_qiskit_30,30,approx,unsupported_angle,error: <stdin>:4: unsupported ry phase angle 'ry(4.846350532897925)',refused:max_fallback_vars,0.023,0.003,0.063,214884937505552,384,1659,1,30,131005433046,30,,1,0,0,,,0,0,0,,,0,0,,,0,0,0,0,0,0,0,1,0,0,0,0,0,0,0,0,0,0,0,0,,,,,,,,,,,,
mqt2040,twolocalrandom_indep_qiskit_31,31,approx,unsupported_angle,error: <stdin>:4: unsupported ry phase angle 'ry(4.846350532897925)',refused:max_fallback_vars,0.025,0.003,0.068,236695130343824,397,1761,1,31,274895226114,31,,1,0,0,,,0,0,0,,,0,0,,,0,0,0,0,0,0,0,1,0,0,0,0,0,0,0,0,0,0,0,0,,,,,,,,,,,,
mqt2040,twolocalrandom_indep_qiskit_32,32,approx,unsupported_angle,error: <stdin>:4: unsupported ry phase angle 'ry(4.846350532897925)',refused:max_fallback_vars,0.027,0.004,0.078,259932862883904,410,1866,1,32,558363608366,32,,1,0,0,,,0,0,0,,,0,0,,,0,0,0,0,0,0,0,1,0,0,0,0,0,0,0,0,0,0,0,0,,,,,,,,,,,,
mqt2040,twolocalrandom_indep_qiskit_33,33,approx,unsupported_angle,error: <stdin>:4: unsupported ry phase angle 'ry(4.846350532897925)',refused:max_fallback_vars,0.028,0.004,0.084,284643374059984,423,1974,1,33,1168265741658,33,,1,0,0,,,0,0,0,,,0,0,,,0,0,0,0,0,0,0,1,0,0,0,0,0,0,0,0,0,0,0,0,,,,,,,,,,,,
mqt2040,twolocalrandom_indep_qiskit_34,34,approx,unsupported_angle,error: <stdin>:4: unsupported ry phase angle 'ry(4.846350532897925)',refused:max_fallback_vars,0.029,0.004,0.093,310871902806272,436,2085,1,34,2370891187590,34,,1,0,0,,,0,0,0,,,0,0,,,0,0,0,0,0,0,0,1,0,0,0,0,0,0,0,0,0,0,0,0,,,,,,,,,,,,
mqt2040,twolocalrandom_indep_qiskit_35,35,approx,unsupported_angle,error: <stdin>:4: unsupported ry phase angle 'ry(4.846350532897925)',refused:max_fallback_vars,0.032,0.004,0.104,338663688056992,449,2199,1,35,4947871598002,35,,1,0,0,,,0,0,0,,,0,0,,,0,0,0,0,0,0,0,1,0,0,0,0,0,0,0,0,0,0,0,0,,,,,,,,,,,,
mqt2040,twolocalrandom_indep_qiskit_36,36,approx,unsupported_angle,error: <stdin>:4: unsupported ry phase angle 'ry(4.846350532897925)',refused:max_fallback_vars,0.033,0.004,0.112,368063968746336,462,2316,1,36,10033182082526,36,,1,0,0,,,0,0,0,,,0,0,,,0,0,0,0,0,0,0,1,0,0,0,0,0,0,0,0,0,0,0,0,,,,,,,,,,,,
mqt2040,twolocalrandom_indep_qiskit_37,37,approx,unsupported_angle,error: <stdin>:4: unsupported ry phase angle 'ry(4.846350532897925)',refused:max_fallback_vars,0.035,0.004,0.119,399117983808544,475,2436,1,37,20890993624586,37,,1,0,0,,,0,0,0,,,0,0,,,0,0,0,0,0,0,0,1,0,0,0,0,0,0,0,0,0,0,0,0,,,,,,,,,,,,
mqt2040,twolocalrandom_indep_qiskit_38,38,approx,unsupported_angle,error: <stdin>:4: unsupported ry phase angle 'ry(4.846350532897925)',refused:max_fallback_vars,0.036,0.004,0.129,431870972177808,488,2559,1,38,42331474626102,38,,1,0,0,,,0,0,0,,,0,0,,,0,0,0,0,0,0,0,1,0,0,0,0,0,0,0,0,0,0,0,0,,,,,,,,,,,,
mqt2040,twolocalrandom_indep_qiskit_39,39,approx,unsupported_angle,error: <stdin>:4: unsupported ry phase angle 'ry(4.846350532897925)',refused:max_fallback_vars,0.040,0.005,0.142,466368172788352,501,2685,1,39,87961475614306,39,,1,0,0,,,0,0,0,,,0,0,,,0,0,0,0,0,0,0,1,0,0,0,0,0,0,0,0,0,0,0,0,,,,,,,,,,,,
mqt2040,twolocalrandom_indep_qiskit_40,40,approx,unsupported_angle,error: <stdin>:4: unsupported ry phase angle 'ry(4.846350532897925)',refused:max_fallback_vars,0.042,0.005,0.157,502654824574368,514,2814,1,40,178121974351502,40,,1,0,0,,,0,0,0,,,0,0,,,0,0,0,0,0,0,0,1,0,0,0,0,0,0,0,0,0,0,0,0,,,,,,,,,,,,
mqt2040,wstate_indep_qiskit_20,20,approx,unsupported_angle,error: <stdin>:5: unsupported ry phase angle 'ry(-0.9553166181245093)',solved,0.004,0.001,0.011,7740884298448,1,0,1,0,2,0,single-fourier,1,0,0,0,,0,0,0,,,0,1,,,0,0,0,0,0,0,0,0,0,0,0,0,0,0,0,0,0,0,0,0,,,,,,,,,,,,
mqt2040,wstate_indep_qiskit_21,21,approx,unsupported_angle,error: <stdin>:5: unsupported ry phase angle 'ry(-0.9553166181245093)',solved,0.003,0.001,0.009,8550158566016,1,0,1,0,2,0,single-fourier,1,0,0,0,,0,0,0,,,0,1,,,0,0,0,0,0,0,0,0,0,0,0,0,0,0,0,0,0,0,0,0,,,,,,,,,,,,
mqt2040,wstate_indep_qiskit_22,22,approx,unsupported_angle,error: <stdin>:5: unsupported ry phase angle 'ry(-0.9553166181245093)',solved,0.003,0.001,0.008,9399645219552,1,0,1,0,2,0,single-fourier,1,0,0,0,,0,0,0,,,0,1,,,0,0,0,0,0,0,0,0,0,0,0,0,0,0,0,0,0,0,0,0,,,,,,,,,,,,
mqt2040,wstate_indep_qiskit_23,23,approx,unsupported_angle,error: <stdin>:5: unsupported ry phase angle 'ry(-0.9553166181245093)',solved,0.003,0.001,0.007,10289344259040,1,0,1,0,2,0,single-fourier,1,0,0,0,,0,0,0,,,0,1,,,0,0,0,0,0,0,0,0,0,0,0,0,0,0,0,0,0,0,0,0,,,,,,,,,,,,
mqt2040,wstate_indep_qiskit_24,24,approx,unsupported_angle,error: <stdin>:5: unsupported ry phase angle 'ry(-0.9553166181245093)',solved,0.004,0.001,0.007,11219255684512,1,0,1,0,2,0,single-fourier,1,0,0,0,,0,0,0,,,0,1,,,0,0,0,0,0,0,0,0,0,0,0,0,0,0,0,0,0,0,0,0,,,,,,,,,,,,
mqt2040,wstate_indep_qiskit_25,25,approx,unsupported_angle,error: <stdin>:5: unsupported ry phase angle 'ry(-0.9553166181245093)',solved,0.003,0.001,0.007,12189379495936,1,0,1,0,2,0,single-fourier,1,0,0,0,,0,0,0,,,0,1,,,0,0,0,0,0,0,0,0,0,0,0,0,0,0,0,0,0,0,0,0,,,,,,,,,,,,
mqt2040,wstate_indep_qiskit_26,26,approx,unsupported_angle,error: <stdin>:5: unsupported ry phase angle 'ry(-0.9553166181245093)',solved,0.003,0.001,0.006,13199715693328,1,0,1,0,2,0,single-fourier,1,0,0,0,,0,0,0,,,0,1,,,0,0,0,0,0,0,0,0,0,0,0,0,0,0,0,0,0,0,0,0,,,,,,,,,,,,
mqt2040,wstate_indep_qiskit_27,27,approx,unsupported_angle,error: <stdin>:5: unsupported ry phase angle 'ry(-0.9553166181245093)',solved,0.004,0.001,0.006,14250264276688,1,0,1,0,2,0,single-fourier,1,0,0,0,,0,0,0,,,0,1,,,0,0,0,0,0,0,0,0,0,0,0,0,0,0,0,0,0,0,0,0,,,,,,,,,,,,
mqt2040,wstate_indep_qiskit_28,28,approx,unsupported_angle,error: <stdin>:5: unsupported ry phase angle 'ry(-0.9553166181245093)',solved,0.004,0.001,0.006,15341025246016,1,0,1,0,2,0,single-fourier,1,0,0,0,,0,0,0,,,0,1,,,0,0,0,0,0,0,0,0,0,0,0,0,0,0,0,0,0,0,0,0,,,,,,,,,,,,
mqt2040,wstate_indep_qiskit_29,29,approx,unsupported_angle,error: <stdin>:5: unsupported ry phase angle 'ry(-0.9553166181245093)',solved,0.004,0.001,0.006,16471998601312,1,0,1,0,2,0,single-fourier,1,0,0,0,,0,0,0,,,0,1,,,0,0,0,0,0,0,0,0,0,0,0,0,0,0,0,0,0,0,0,0,,,,,,,,,,,,
mqt2040,wstate_indep_qiskit_30,30,approx,unsupported_angle,error: <stdin>:5: unsupported ry phase angle 'ry(-0.9553166181245093)',solved,0.004,0.001,0.007,17643184342576,1,0,1,0,2,0,single-fourier,1,0,0,0,,0,0,0,,,0,1,,,0,0,0,0,0,0,0,0,0,0,0,0,0,0,0,0,0,0,0,0,,,,,,,,,,,,
mqt2040,wstate_indep_qiskit_31,31,approx,unsupported_angle,error: <stdin>:5: unsupported ry phase angle 'ry(-0.9553166181245093)',solved,0.004,0.001,0.007,18854582469792,1,0,1,0,2,0,single-fourier,1,0,0,0,,0,0,0,,,0,1,,,0,0,0,0,0,0,0,0,0,0,0,0,0,0,0,0,0,0,0,0,,,,,,,,,,,,
mqt2040,wstate_indep_qiskit_32,32,approx,unsupported_angle,error: <stdin>:5: unsupported ry phase angle 'ry(-0.9553166181245093)',solved,0.004,0.002,0.006,20106192982976,1,0,1,0,2,0,single-fourier,1,0,0,0,,0,0,0,,,0,1,,,0,0,0,0,0,0,0,0,0,0,0,0,0,0,0,0,0,0,0,0,,,,,,,,,,,,
mqt2040,wstate_indep_qiskit_33,33,approx,unsupported_angle,error: <stdin>:5: unsupported ry phase angle 'ry(-0.9553166181245093)',solved,0.004,0.001,0.006,21398015882144,1,0,1,0,2,0,single-fourier,1,0,0,0,,0,0,0,,,0,1,,,0,0,0,0,0,0,0,0,0,0,0,0,0,0,0,0,0,0,0,0,,,,,,,,,,,,
mqt2040,wstate_indep_qiskit_34,34,approx,unsupported_angle,error: <stdin>:5: unsupported ry phase angle 'ry(-0.9553166181245093)',solved,0.004,0.001,0.007,22730051167264,1,0,1,0,2,0,single-fourier,1,0,0,0,,0,0,0,,,0,1,,,0,0,0,0,0,0,0,0,0,0,0,0,0,0,0,0,0,0,0,0,,,,,,,,,,,,
mqt2040,wstate_indep_qiskit_35,35,approx,unsupported_angle,error: <stdin>:5: unsupported ry phase angle 'ry(-0.9553166181245093)',solved,0.004,0.001,0.006,24102298838352,1,0,1,0,2,0,single-fourier,1,0,0,0,,0,0,0,,,0,1,,,0,0,0,0,0,0,0,0,0,0,0,0,0,0,0,0,0,0,0,0,,,,,,,,,,,,
mqt2040,wstate_indep_qiskit_36,36,approx,unsupported_angle,error: <stdin>:5: unsupported ry phase angle 'ry(-0.9553166181245093)',solved,0.005,0.001,0.006,25514758895408,1,0,1,0,2,0,single-fourier,1,0,0,0,,0,0,0,,,0,1,,,0,0,0,0,0,0,0,0,0,0,0,0,0,0,0,0,0,0,0,0,,,,,,,,,,,,
mqt2040,wstate_indep_qiskit_37,37,approx,unsupported_angle,error: <stdin>:5: unsupported ry phase angle 'ry(-0.9553166181245093)',solved,0.004,0.001,0.006,26967431338416,1,0,1,0,2,0,single-fourier,1,0,0,0,,0,0,0,,,0,1,,,0,0,0,0,0,0,0,0,0,0,0,0,0,0,0,0,0,0,0,0,,,,,,,,,,,,
mqt2040,wstate_indep_qiskit_38,38,approx,unsupported_angle,error: <stdin>:5: unsupported ry phase angle 'ry(-0.9553166181245093)',solved,0.005,0.001,0.007,28460316167408,1,0,1,0,2,0,single-fourier,1,0,0,0,,0,0,0,,,0,1,,,0,0,0,0,0,0,0,0,0,0,0,0,0,0,0,0,0,0,0,0,,,,,,,,,,,,
mqt2040,wstate_indep_qiskit_39,39,approx,unsupported_angle,error: <stdin>:5: unsupported ry phase angle 'ry(-0.9553166181245093)',solved,0.005,0.001,0.006,29993413382368,1,0,1,0,2,0,single-fourier,1,0,0,0,,0,0,0,,,0,1,,,0,0,0,0,0,0,0,0,0,0,0,0,0,0,0,0,0,0,0,0,,,,,,,,,,,,
mqt2040,wstate_indep_qiskit_40,40,approx,unsupported_angle,error: <stdin>:5: unsupported ry phase angle 'ry(-0.9553166181245093)',solved,0.005,0.001,0.006,31566722983280,1,0,1,0,2,0,single-fourier,1,0,0,0,,0,0,0,,,0,1,,,0,0,0,0,0,0,0,0,0,0,0,0,0,0,0,0,0,0,0,0,,,,,,,,,,,,
